"","V1","V2","V3","V4","V5","V6","V7","V8","V9","V10","V11","V12","V13","V14","V15","V16"
"",0.371798320326474,-1.32750394210395,0.196778184041901,0.526216199274388,0.837983445754858,-0.891869085196912,-0.4671191500652,0.32993322926162,-0.639266338524557,0.154953050417439,-1.0133738988055,0.330410607324492,0.874027876241218,-0.12629290344294,1.20233293376328,0.399375598835368
"util",-0.0349046079221196,2.26109653332319,-0.0903575931566922,-0.650136570118548,-0.80670102586514,1.97885464293559,1.24327060322854,0.299228842154516,2.56261394426675,1.22323909516194,3.57987194304742,1.2075276337894,0.120950797654044,2.53564421447949,-0.363575586425009,0.766537545162815
"util",0.00737704245177631,-1.09155195613995,0.0758241786642211,0.406662464089753,0.455065927245826,-1.17341437379045,-0.714067913370421,-0.22550028565841,-1.70777755384006,-0.874874917562266,-2.47222437940382,-0.903764096408696,-0.186405469457596,-1.71814735796819,0.0781075172803016,-0.581371437877648
"util",-0.000851398697615622,0.169866520986127,-0.0142768704830665,-0.077191182298707,-0.0877829220624882,0.23316223442572,0.137961038975727,0.0488240635740385,0.370176007397326,0.196371529024052,0.552262099149653,0.19769628847274,0.0466991631683239,0.37005058996201,-0.00541145871426889,0.135447760598535
"Z1",0.0761922178682365,0.126089360545268,0.16999997285725,0.130792796637001,-0.02868699527739,0.117245586502095,0.164646413973244,-0.0308338647128302,-0.00884815643310551,-0.175860095960843,-0.155691338070757,-0.206778391773323,-0.264950692677111,-0.206651261255444,-0.0487434207633298,0.00908907192986292
"Z2",-0.128753976603368,-0.0395420610947565,-0.168274958205611,-0.128767839090546,-0.00564512737744279,-0.15792440442979,-0.124587977576295,-0.098716180209333,-0.154813631628842,-0.21151146024634,-0.291118299148905,-0.220875744810704,-0.154517271017637,-0.241338794371637,-0.479989662860589,-0.388216767494402
"Z3",0.0173822179144587,0.0044856404572319,0.0258547748714769,0.0212419121664529,0.00339983564441473,0.0260700294020337,0.0203442916532549,0.0163128906324147,0.0182353667454911,0.0391226207578699,0.0466707224518361,0.034129429683964,0.029675500808102,0.0354697670792239,0.0943910848433836,0.0771423480312358
"Z4",-0.133605462673596,-0.263385972545715,-0.220676982900746,-0.273065455358567,-0.153765924778579,-0.27177988236562,-0.389180706180514,-0.268737415377916,-0.305823425663776,-0.291998676416025,-0.24213262664764,-0.328042741146406,-0.555842884768676,-0.516136100257136,-0.489075399430342,-0.408782404204248
"Z5",-0.0373020768674966,-0.0478045095323644,0.0232523573214728,0.0854151829977956,0.0767804438557328,0.075265307795964,0.0895964045610126,0.126889512325553,0.0928087162875079,0.0782466583332093,0.192057991512081,0.0881545080421142,0.0946773898161872,-0.117952135249486,0.0370165128099809,0.0420334131300262
"Z6",0.0180966059236661,0.0405481515594312,0.0370514904195047,0.0375332862595417,0.0163467417303205,0.036578433167231,0.0649253591910365,0.0354650786451098,0.0425305603832638,0.0401743562670742,0.0261895994303646,0.0561221858436029,0.0989895496312324,0.0822167891398267,0.0980161973916084,0.08271474035924
"Z7",-0.0176768963673509,-0.0310277220824341,-0.0322746046301918,-0.0252028049998468,-0.00613076486146165,-0.0249473341684342,-0.0329128998878734,-0.00714746148746676,-0.00970215359197114,0.00386515107128271,0.0092117636623625,0.00908117821558704,0.0139873009361357,0.00833158488229207,-0.0295169595306476,-0.028792513095891
"Z8",-0.318876115689273,-0.227807643533022,-0.138654572001618,-0.0835767062264313,-0.210397243547837,-0.106598616600867,-0.288422250463737,-0.187900787132565,-0.201046789312288,-0.023169150761661,-0.115248585972748,-0.295506965841726,-0.14514521513561,-0.402480227322468,-0.221010853938735,-0.242531004462388
"Z9",0.0389490589785056,0.191171681367556,-0.0592268992876546,0.00919208435587138,-0.0380370514593646,0.00369566327020761,-0.0086969905854346,0.022634068603277,-0.0471914239705472,0.108961595594568,0.0403595133874,0.0384412457933959,0.138351424298258,0.0307107855909644,-0.0399891475160633,0.0435477262390806
"Z1",-0.00871237473695589,0.00755697552295127,-0.0292048467894716,-0.0138412489707245,0.0327908406448859,-0.0101553084931024,-0.0278957318353989,0.0320578589034234,-0.00643585372597736,0.0521129496756712,0.0286793705082298,0.0050871452687612,0.0456831524990282,-0.00981678481859803,0.01043593827255,-0.00433174339732098
"Z2",0.00949119444085599,-0.014050712704444,0.0417242700302686,0.00943000074688765,-0.0292369352912296,0.0160839906443341,-0.0119411666320826,-0.0411049771219894,-0.00698854823951172,0.000575800237300216,0.0860041318238209,0.0919744285801621,0.0279170074260757,0.0439207562365322,0.111623158040963,0.0194931192131892
"Z3",-0.0011962616569531,0.00260964689730617,-0.00699273905155273,-0.000867018009560503,0.00354468307350724,-0.00342633653679502,0.00110049901044573,0.00747876830723375,0.00331729131956207,-0.00136484854315838,-0.0158278584123486,-0.0166019765388469,-0.00886963080105363,-0.00587207003114197,-0.0215608628665343,-0.0056066228876519
"Z4",0.00660857976235285,0.0197621242609746,0.00174420240381007,0.0225359106296086,-0.0270648060271279,0.000683343187887923,0.0500231495276673,0.0166210722831169,-0.00474505076727753,-0.0309032304313724,-0.0554749736919927,0.00373985697086385,0.0769713945939477,0.0763137925810653,0.0270505777296486,0.0556287495452652
"Z5",0.0121975936312134,0.0058358722885398,-0.00289567712797912,-0.00940132019637314,-0.00109407069925116,-0.0140256102587069,-0.00981391971205723,-0.0240044351550622,-0.00385744690265557,0.00114892936624108,-0.0695771353595447,0.00103445263801773,-0.0382490934341035,0.0545690593360053,-0.0302112255803798,-0.0452710094153393
"Z6",-0.00157318158928084,-0.00460231943185877,-0.00281018562042717,-0.00345262798538846,0.00511354777690596,2.39817000834541e-06,-0.0106643442456175,-0.00154076552197077,0.00156921626951949,0.0065580570548385,0.0141225432872954,-0.00506231362153793,-0.0178178627382443,-0.0145970633297686,-0.0119872182128894,-0.0133351290123355
"Z7",0.00192145114060858,0.00280509339448471,0.00560109451043825,0.00155286312604804,-0.00317102148032857,0.0020466528469098,0.00537687439499262,-0.00396837629853818,0.000575885870877841,-0.00468621252670874,-0.00236904248947741,0.00519130766498412,0.000437537768308351,0.00416531668143792,0.00585024481987001,0.0035695038517489
"Z8",0.0308664358282965,-0.0219615402956411,-0.0430425288667869,-0.0635736948195316,-0.0241160823561501,-0.0458327741736716,-0.0183327791375589,-0.039778635671099,-0.00877677430908497,-0.0736883984982833,-0.0465376177431626,0.0249335847444668,-0.0564483811673359,0.013450285164945,-0.0284991544041032,-0.00141543593761426
"Z9",-0.0207368961918456,-0.0572141593293976,0.0331560002677222,0.0143911313215445,0.0237540706986222,0.0296449196333855,0.0308258329984581,0.0287744588426094,0.0495424828368961,-0.00434482307071575,0.0210419574144409,0.0316518404658364,-0.0158570598182875,0.00604346232235632,0.0367408624907515,0.0185713420449136
"q_1",0.133821477975225,0.0710150205219379,0.0800893493978024,0.0893706983534289,0.0965137267686063,0.078462935801931,0.0666404197034115,0.112847186712579,0.11696855583345,0.113793186019309,0.122985944107281,0.0904529933227735,0.0676439545279019,0.100964138195811,-0.108320306837277,-0.0359382109115735
"q_2",-0.00574238870044637,-0.0015357677478723,0.00388830286501684,0.0129869228521805,0.0203938367962791,0.0164112410787375,0.0165559245091729,0.0232904996689155,0.045432053554704,0.0517716084501581,0.0419660569399637,0.0607541689175067,0.0667666321935486,0.0748530681007018,0.0906454861478701,0.079420565814087
"q_3",-0.0386072275905907,-0.0366135662258379,-0.0331519116482852,-0.0396798446845515,-0.0360248029174238,-0.0301611535404721,-0.026597703130126,-0.0327642338417207,-0.0232795774390313,-0.0262747996441772,-0.0191526290177615,-0.00447257825832655,0.00852330021123971,0.00905188484747427,0.00498446170939146,0.011411449420459
"q_4",0.000855853663015766,0.0177734335643923,0.00362180219639905,0.0165893175781527,0.0276560214066965,0.0124825351446416,0.0200689689584442,0.0183737830513351,0.0168716935549852,0.0118370711077235,0.0250344679460415,0.0429528397825959,0.0386095831007761,0.0374283852432246,0.0142127830717661,-0.0161420123422508
"q_5",0.00143835130223259,0.00550126873190154,0.00316880886440371,-0.00729464264077236,-0.0127608784258357,-0.00412964326205955,0.0062007484691994,0.00115161646503373,0.0105923015134443,0.00839218192994617,0.0105183780280925,-0.0170039093081853,-0.00521662749709882,-0.019815863965637,-0.030171120545529,-0.0168348008599046
"q_6",0.0146258875662453,0.00972556927008521,0.00896974493593544,0.00979840953917509,0.00926255079368751,0.0073808326993718,0.0078914692680307,0.00695722561601638,0.00684100340117471,0.00887011254332547,0.00572375590642684,0.00761872697720956,0.00700710732692769,0.00799408822189996,0.00971042561232396,0.00612395850639024
"q_7",0.0079830722098263,0.00788707180126601,0.00297584049782839,-0.00116207498400342,-0.000610026521668194,-0.00781541489975383,-0.00607400560202789,-0.00443010647670357,-0.000607813917670452,0.00193513489868671,0.00290281057593488,0.0128795899688604,0.0116834440746685,0.0317440756456747,0.0577822136284403,0.0428649609906105
"q_8",-0.0349606420005158,-0.021907783845308,-0.0220967637106335,-0.0246561549572634,-0.0187128365161268,-0.0214133269766773,-0.0174801234281977,-0.0103366490294447,-0.0113070132214012,-0.0087468381942146,-0.0184134651031909,-0.010338954728128,-0.00589513453866457,0.00303116850755709,0.016802235748464,0.01323658647622
"q_9",0.0159145793278011,0.0215897796053249,0.0120378896598689,0.0101623832503586,0.0220088190499882,0.0165959289732672,0.0236601827738361,0.0328109192775832,0.0462012162207384,0.0622150202898751,0.0568890731266371,0.0609107795512645,0.046311431539735,0.0495324681006199,0.0473420645750351,0.0375856257980421
"q_10",0.0116967213898205,0.00664533835832107,0.00645296722887564,0.0120012571707204,0.0114100218844327,0.0112234143231989,0.00896138915194731,0.0125626163068471,0.0103915917831198,0.00830184535020924,0.00858158506621399,0.00506205112096839,0.00336369604299196,0.00387957129241569,0.00405629816143828,0.0153951977441386
"q_11",0.0214468490520844,0.0260055063522309,0.0308321165688589,0.0354005705891538,0.017683900489494,0.0318008769423996,0.0289769195186002,0.0223764488245193,0.0193670937594471,0.0153922081714948,0.00987024494351548,-0.00923588445623337,-0.0238483129994391,-0.0563889161794752,-0.0992171189710696,-0.0375295752428834
"q_1",-0.0106782258922418,0.0338155094564656,0.0315073922860623,0.0265766926984091,0.023753515755943,0.0223624478945663,0.0334150960145434,0.0137607133702162,0.0122879132622378,0.0181907186351654,0.00474000863844908,-0.000455117146586444,0.00490186958082489,-0.00401514377581086,0.105616870678119,0.0837559616366111
"q_2",0.00513339332129426,0.00180269067414726,-0.00287614160276045,-0.00636423848924348,-0.0128398845896242,-0.00891679959782323,-0.0109198221225267,-0.0168386397956609,-0.0221203238899178,-0.0298831674397805,-0.0241504058304408,-0.0296602906231323,-0.0344238783860783,-0.032359641083099,-0.0345675462260868,-0.0352814529266473
"q_3",0.0115256445138669,0.00928191437634503,0.00548085574425443,0.00941150103830389,0.00758908091699059,0.00506603515831789,0.00489426355444217,0.00931153903692259,0.00678722691277178,0.0102311408612705,0.0037873284202101,-0.00352247699186495,-0.0115529033729482,-0.00791017696648134,-0.0125925974144417,-0.00568645018643891
"q_4",-0.00229959352957575,-0.00175395079382029,0.00925601757982938,0.000809574207798238,-0.00344713364759254,0.00447606238844636,0.00266413046835146,0.00402324787241193,0.00895468555708847,0.010595194414408,0.00895406355182639,-0.00452977346253883,0.00603112095018733,0.00963347745589795,0.0146589436418489,0.0329903376345315
"q_5",0.00130169669898308,0.00682801365034526,0.00675481528950936,0.0122518374943612,0.0139284304763101,0.010151421895053,0.00162514628931999,0.00491187518862162,-0.00255708669220174,0.00165533027620646,-0.00073519398060858,0.0176618403466744,0.00836732082247506,0.0225840119949272,0.0312161069583635,0.0162172186096233
"q_6",-0.00696640677380477,-0.00164066749153508,-0.000427406936346439,-0.00332685874941254,-0.00304018977521991,-0.00241740996450634,-0.00198585651657681,-0.0030380480017941,-0.00159416557969374,-0.00638477374741088,-0.00523568558267405,-0.00851039816812727,-0.00622483164699492,-0.00434984969877087,-0.00207371072176186,0.00124822155437749
"q_7",-0.0044045629499413,-0.0012587560422252,0.00209514575804721,0.00442189295191269,0.00361948434505203,0.00919440030976101,0.010394739854947,0.00950821880686387,0.0097105147927889,0.00767147701759807,0.00812570438374421,0.00734349523228881,0.00750356868414945,0.00144856511688715,-0.00973873504861333,-0.00867479189245402
"q_8",0.0127899938612341,0.00883703717840683,0.00660680774186422,0.00961919427332149,0.00829042789500178,0.00961341123528623,0.00775593740835056,0.00456273650061141,0.00608816449229484,0.00193531933195631,0.00565256824833024,-0.00113168415758071,-0.00177326537456353,-0.00403799589384709,-0.00958772739403453,-0.0121151179784516
"q_9",-0.00843620886500179,-0.005809864807998,-0.000591304537312221,0.000589084202027758,-0.00766673846599487,0.00112179282189934,-0.00079641850532727,-0.0100590727808833,-0.0161708097696547,-0.02648682571247,-0.0263057216533264,-0.0261542744280736,-0.00947923702252543,-0.00493584873432302,0.000908949634068369,0.00595920439386614
"q_10",-0.00740226004672226,-0.00107093204136394,-0.000728777240367766,-0.00439844718530445,-0.00250962613780373,-0.00129205055463182,-0.000207878830924983,-0.0019037108796728,-0.00257439073004811,-0.00119560679892272,-0.00267595876482286,0.00192153285415614,0.00317447999037273,0.00331318375117215,0.00356105513330078,-0.00502942483288306
"q_11",-0.00335106980507641,-0.00360698476236737,-0.00084342273876264,0.00129699284025301,0.0115525092468911,0.00211717004424182,-0.00413207185746302,-0.00129965652398301,-0.00303019690346515,0.00580533489052869,0.00730791314229693,0.0130449917289385,0.0267753519846033,0.0375890557642437,0.0554999845614437,0.0293872151168316
"q_1",-0.0399795985189548,-0.0622050434762039,-0.0664500326556298,-0.0767258527129382,-0.0746831909303061,-0.0744445959791618,-0.0720010998365308,-0.0933811093455539,-0.0801872647578821,-0.0973741424116703,-0.0652240289019934,-0.0525325000979804,-0.0219780778478622,-0.0246139280834594,-0.0492862406429552,-0.0921733430030282
"q_2",-0.0108263830376331,-0.0026318342377473,0.00112428278219073,0.00442350729461965,0.00866728838424388,0.00549603928554364,0.00675782807148568,0.0102059487773368,0.00446937909870509,0.00417084386726848,-0.00560953861526018,-0.00277436419916098,-0.00630283363716079,-0.0181899157082346,-0.031634816100136,-0.0159644289435014
"q_3",0.00195805972352337,0.0120557053825722,0.011059889223671,0.0100271275484717,0.0108286903025761,0.00801475241930306,0.00573430624589084,0.00477231564223758,0.00403970215295411,-0.0029353165294308,0.00106411889688505,0.00452316538367924,0.000900118956952568,-0.00180299105345316,0.00944874838975529,-0.0123438690123645
"q_4",0.00804393005408795,0.00598567377530364,-0.00190908611076134,0.00261166252710851,-0.0005656509556718,-0.00513189102413047,-0.00519901726251683,-0.00105797775768301,-0.00744178245370258,-0.013699760718041,-0.0216800843490269,-0.0140402672706795,-0.0439202192548876,-0.0548442412732264,-0.040497256299823,-0.0414067755191018
"q_5",-0.00427975104654211,-0.012937789394316,-0.012397351667537,-0.0152597608131757,-0.0110962689879819,-0.00954054519363375,-0.00280201347539794,-0.00490058448921605,-0.00133177138084349,-0.00465638554763728,-0.0015842272229079,-0.00540477845387707,0.00328561710478326,-0.00441123650876491,-0.00901878465290373,-0.00182744537696157
"q_6",0.00244015078324798,0.00260603040091612,0.00226185752926042,0.00567735425000758,0.00571099605642548,0.00589344269210657,0.00564089664215992,0.00652046997569468,0.00500152847223723,0.00920311073166051,0.00790880771030228,0.0122988855390363,0.00947257358972375,0.00812406142600936,0.00390854270856369,0.00105770713849426
"q_7",0.0025896216749002,0.00371572609001491,0.000175459482619805,-0.000199543594591137,0.00132120933030171,-0.00237364319000977,-0.00456537636992096,-0.00415013993934501,-0.00548722928366734,-0.00513116353684582,-0.00590864202479745,-0.00901528289938037,-0.00845414087637247,-0.00767229265227282,-0.00369860910054689,0.00703326474504397
"q_8",0.00108697666880273,0.00402059230183753,0.00445561887847694,0.000648661608411345,0.00156409408849784,-0.00174251571644889,-0.00355838991285149,-0.00449799646366152,-0.00397468938874985,0.00307257280112373,0.00503569503030669,0.0110145464916727,0.00642448925568556,0.00313670531249143,0.000940916642244064,0.00313135898777615
"q_9",0.0065296349071774,0.00693344394055438,0.0029165013615434,0.00117611553592694,0.00781574174464271,0.000137140084562888,0.00114721034687537,0.00973380574777208,0.00819003870706535,0.00507210143074414,0.00969835366439358,0.0111713230116689,-0.0022947321159567,0.00144715906828002,-0.0107375313550829,-0.0216724343614986
"q_10",0.00721269324419359,0.00175901880823625,0.00321505475582333,0.00501969864227618,0.00440016453875249,0.00342063139398847,0.000581020089583448,0.00253823225271442,0.00515416668193175,0.0070222421488553,0.00853946641525488,0.00739879630385725,0.00642264912939126,0.00115036171801505,-0.000288761618987449,0.0037355150280264
"q_11",-0.00715092704230147,-0.00940404174139624,-0.00408483301188742,-0.00946145661720386,-0.0161812252341529,-0.00809570966714175,-0.00420716977829452,-0.00114687551625699,-0.00152608332220702,0.00144697488567827,0.00837635649617634,0.0066507045825662,0.00226093650042577,-0.001519083171557,0.000591501885371356,-0.00548991809765008
"q_1",0.00588088575274825,0.0113081517784736,0.0113736534020127,0.0141926017485171,0.0127631523751686,0.0128855463069986,0.0117925496185416,0.0168588642416598,0.0136457511768506,0.0177376443919087,0.0113828719908614,0.00792850599518927,0.000794810793738846,0.00363322245402987,0.00866125851997915,0.0201794958273594
"q_2",0.00211902883102216,0.000380391280115465,-0.000323533632902701,-0.000853594219317887,-0.00151430662415677,-0.00109879691919615,-0.00152703193821359,-0.00229854007823662,-0.00137163983489538,-0.00142294299754652,0.000378939299995713,0.000115478583327408,0.000677089232950578,0.00233102347932905,0.00513663859805006,0.000950778530684981
"q_3",-0.00017330751556745,-0.00205511390659223,-0.00182176707527173,-0.00144786749954264,-0.00170823281597204,-0.00128757552066752,-0.000696872847174821,-0.00032687861763376,-0.000175522897089382,0.00130212667053509,0.000141347615377274,-0.000406955709443736,0.000763219770403048,0.000944703095223779,-0.0010980885988741,0.00294640788556558
"q_4",-0.00123483523594675,-0.0012139209598654,0.000947129746585025,0.000476079611467705,0.0012980870621738,0.00203672446862364,0.00181674948463939,0.00115859174083441,0.0022518056852584,0.00397345290548404,0.00517994539359436,0.00367447186751358,0.0100287532144918,0.0130653847945124,0.00984723612516734,0.00978565123039205
"q_5",0.00112138001186015,0.00270905416767903,0.00263306689640945,0.00337765044285616,0.00270927542466226,0.00251171961780735,0.000861720073279701,0.00130341371431729,0.000932833905268802,0.00178859347641339,0.00132480718787228,0.00250795708930461,0.00116073980283042,0.00269260856338924,0.00336590310740618,0.00114839423722439
"q_6",-0.000316894938456012,-0.00035814601173187,-0.00031413124505411,-0.00104538804841264,-0.000958421203139325,-0.00101198416707103,-0.000749242619436749,-0.000907518317203042,-0.000756184013191178,-0.00145436429730387,-0.00125941071968774,-0.00225393702844363,-0.0018306188623888,-0.00171816498587019,-0.0006072372234416,8.57555004185999e-05
"q_7",-0.000441964225202878,-0.000754944215697215,-8.24114874234792e-05,6.14647169941877e-05,-0.000154962394352303,0.000440457634481344,0.000927518494356883,0.000990125799260181,0.00124381163925295,0.00142953613536987,0.00132574659008937,0.00219842312618058,0.00238848893523567,0.00215558652065392,0.00196531400582198,-0.00044153508866366
"q_8",-0.000616509354039066,-0.00107791074361008,-0.00110488507389079,-0.000300952184645101,-0.000507542801173838,-0.000106716764500428,0.00028887203456608,0.000488631506987419,2.2749022757936e-05,-0.00132820067765564,-0.002275552365394,-0.00333887684297689,-0.00265677235427975,-0.00182106662666044,-0.00112889684843189,-0.00237031235854719
"q_9",-0.00121982206470018,-0.00151113693133967,-0.000953630780210679,-0.00113036981381978,-0.00200592678278931,-0.000993240751145029,-0.00100513147286535,-0.00278789132573001,-0.00286226652415844,-0.00214288928094383,-0.00291936310975591,-0.00287506523251631,0.000658471292974367,-0.00118514957036735,0.00133986640232167,0.00308313598409747
"q_10",-0.00140141964729985,-0.000424098877410082,-0.000488031586565209,-0.000792777344969814,-0.000776807563073183,-0.000646085352130401,-0.000223627154373631,-0.000547175965255023,-0.00129609733819404,-0.00188700867995038,-0.00193416012575673,-0.00171272907141952,-0.0018535194273447,-0.000547088571455345,-0.0007037977925253,-0.00173171823328877
"q_11",0.00184479311159793,0.0024491350800539,0.00165277663797719,0.00247282298724803,0.00305409906960432,0.00195542079876453,0.000908750169860724,0.00054679059366804,0.000772574409825281,-0.000301428594709702,-0.00128568616353847,-0.0010581295436318,-0.000444941401347231,0.00111560195960521,-0.0011682007386542,-0.00025676249015942
"q_1",-0.0200783842956888,-0.0522573346198973,-0.0483722784703954,-0.0382961614485363,-0.0542857633028074,-0.037601670643612,-0.0627240476150598,-0.0517549008655278,-0.095796171590712,-0.115332281399661,-0.112323980061388,-0.105396205836586,-0.176233133464401,-0.148369137529394,-0.158458226384545,-0.0876998140467732
"q_2",0.000154654051132418,0.000981701279551801,-0.00318494433296342,-0.00842922296745566,-0.00166522594247121,-0.0106167470829678,-0.00363267165565656,0.00240256812729778,0.00272192146554342,0.00738829325611545,0.00930112994683925,0.0114162969042872,0.0327886833582967,0.037279427470696,0.0451455894880032,0.0330304336505079
"q_3",-0.00210904553253911,-0.0035554228087454,0.00122394000265311,0.000144945798183376,0.00389824002530368,0.00605029522485938,0.00553275297186694,0.00137153824352255,-7.46266118609904e-05,0.00332664772535733,0.015490385294427,0.0109493466609874,0.0346124672706931,0.0142994286617093,0.0172256426179995,0.00240960433834073
"q_4",0.00555360020782859,-0.00225101415179775,-0.00509082720443226,-0.00231700398447057,0.0100838282847901,0.0103206931794369,0.010057404257087,0.0112589564522638,0.0145385161098635,0.01348927145328,0.0225241396542464,0.033487835464672,0.0554445435646091,0.0469539975134845,0.061557288439949,0.0474694430420263
"q_5",0.00915734178210357,0.00520288945895392,0.00493343820523578,0.00256630704301133,-0.00106875873077816,-0.00210538832443815,0.00198271218677004,0.00088655667068219,0.00207743062050782,0.000947642114738057,0.00212579156865269,-0.0112529334582285,-0.00335186552920593,-0.0300026837608153,-0.0367870927021275,-0.025962043046463
"q_6",0.00184489435738831,-0.00113090204898771,-0.00488241437589781,-0.00271270296408638,-0.00185908624513693,-0.00331434288013136,-0.00238146195931811,-0.000846153330756079,-0.00147955779753004,0.000965051387247629,-0.00140393308704077,0.00148773762172241,-0.00355664518908867,-0.00536216319366565,-0.0103067690704225,-0.0157731424263984
"q_7",0.00158607100116956,-0.00131481970477143,-0.00310268880007385,-0.00705189068325887,-0.00577836982426747,-0.0110508773128818,-0.0129008213164842,-0.0118658069701952,-0.00971438001239287,-0.0136875860371593,-0.0162970262005455,-0.0207617070371743,-0.0236116563945999,-0.0219413996742615,-0.0207800334431069,-0.0248165552254231
"q_8",-0.00883133421042394,-0.0107385177970416,-0.00871090791112206,-0.0107179463056021,-0.0128881908029646,-0.013592911164615,-0.00789132969225214,-0.0065165375124255,-0.00865019556886272,-0.0143411401804741,-0.0258303558980357,-0.0164243882402924,-0.0202616581844193,-0.0147297214386893,-0.0106204107462651,-0.00402195505798951
"q_9",-0.00572107928277077,-0.0107747701929754,-0.0121645133225836,-0.0122268873643496,-0.00739611446419036,-0.0227160740227469,-0.0220084804885244,-0.0176733024723209,-0.00742503032285936,-0.00304698234201824,-0.00326131426660322,-0.0108907656215006,-0.0331221668375269,-0.0458676611129064,-0.0662980099514136,-0.0550084195137405
"q_10",-0.00248328272443592,-0.00605355193268473,-0.00749754781633362,-0.0064945639693746,-0.0112563932348729,-0.0118759117467649,-0.00960344822446123,-0.0108637551240368,-0.0126880803402196,-0.0134896371742888,-0.0137585940254902,-0.0207143541543447,-0.023551749781732,-0.0191102458837499,-0.0281096400264942,-0.0211480838272504
"q_11",0.00236261698751875,0.00395728857167343,-0.00308142153480719,0.00088436562491832,-0.0110783561256756,-0.00281689936960697,0.0084655525744877,0.00811506538953563,0.00500899016786463,-0.000483963428264138,-0.00823264604705626,-0.00362479496322579,-0.000184031954903913,-0.0180614225236911,-0.0234152821653072,-0.0267506643254917
"q_1",0.0474580159194641,0.042268259994718,0.0526429300911652,0.0565096334828904,0.0584606214876762,0.0517185965358301,0.0477253210089975,0.0337988795718448,0.0437173552839882,0.0541800238968884,0.0477209952488605,0.070261252264443,0.0406428092357193,0.0444611564846604,0.0235658924337445,0.0134546210192316
"q_2",-0.0060446294112334,-0.0107681582836546,-0.00622244679513283,-0.0017947290504777,-0.000842791661984716,-0.0020238754312212,0.00222232299842948,0.00916543671533652,0.00984199385891871,0.00769429179377133,0.0120617717115083,0.00783629215644712,0.0117504945670531,0.00426353619071283,0.0117612448864893,0.0166983808948187
"q_3",0.00449450676774344,0.00195456349929347,0.00322534804978324,0.00418015534453169,0.00407750041842898,0.00339843143379936,0.000439651302736466,0.00109505713128961,-0.000759596169207127,-0.00172815694088033,0.00111493275817315,-0.00174359531352227,-0.000854791381671867,-0.00112966400655036,0.00196837900350752,0.00512265643265058
"q_4",-0.00874628992916202,-0.011294190469532,-0.0100722855497941,-0.00778584704194569,-0.0110426022454625,-0.012198288679304,-0.010328071036935,-0.00247136846035821,-0.0087296220688437,-0.0139960018105219,-0.0104043789563563,-0.0076836304827474,-0.005507419109813,-0.00753052560177435,-0.0114008005421158,-0.013867578136978
"q_5",-0.00318747412822373,-0.00575254986761043,-0.006900867170926,-0.00815238128419291,-0.00831881128755951,-0.00813692474226449,-0.00444802021038325,-0.00186583205771595,-0.00145823109903298,-0.00172220112303606,-0.00297241658388017,-0.00835818185938122,-0.0086951146559351,-0.00838301966940372,-0.0116834254352389,-0.0132825542303199
"q_6",-0.00397747842736868,-0.00529043935590113,-0.00681085176926509,-0.00604279333321196,-0.0051729181718735,-0.00449767566819068,-0.00230637113705857,-0.00187725230958944,-0.00415605127997311,-0.00609046856058928,-0.00540788733960779,-0.00457054792898856,-0.00720964596583879,-0.00732369763341624,-0.00683736372058319,-0.00481308696483498
"q_7",-0.00506841686587015,-0.00860814369543029,-0.00791677301260539,-0.00597047137906479,-0.00624192953394051,-0.00638714052087119,-0.00570494046271823,-0.00559509786393503,-0.00639911856531071,-0.00869846921993913,-0.00514936822698862,-0.00701421180391189,-0.00465431396286297,-0.00788055816117739,-0.00151492049998337,0.000982687210958657
"q_8",0.00306008403036066,0.0018560194548675,0.00299401174524302,0.00442396566711541,0.00537566433912724,0.00649673774463716,0.0082940616271929,0.00848297809197676,0.00714291556482498,0.00934891237930256,0.0093662434303401,0.0126342602488278,0.011993848016266,0.0133775398677873,0.0141277911191939,0.0131430729799721
"q_9",-0.00207770718377313,-0.00312068961534191,-0.0055250776187225,-0.00335318163967103,-0.00301169130910081,-0.00606307061873371,-0.00508801500767837,-0.00354260016629201,-0.00271057966194546,-0.00628601291165789,-0.0139275192487584,-0.0192391181862909,-0.0228460541428805,-0.031199951336734,-0.0307937536103147,-0.0327539493088457
"q_10",-0.000593042427479357,-0.000156977767216072,-0.00177274742516407,-0.000651722204880389,-0.00107427358282018,-0.00178737110179581,-0.00310293421971173,-0.00418965398551215,-0.00358796856947711,-0.00337336924413067,-0.00589489143034786,-0.00783671124529563,-0.00766312340656626,-0.00555906069493393,-0.0105863675016256,-0.0127756280550599
"q_11",-0.0123509296100889,-0.0147170295532575,-0.0190586999386889,-0.0206213074830953,-0.0191113557427058,-0.0218235849630119,-0.0227368848978097,-0.0260109079721002,-0.0216013057519258,-0.0203199528905636,-0.0266863193769203,-0.01783670114564,-0.0220164592841953,-0.0121584512154478,-0.0217217487668068,-0.0137570116520638
"q_1",0.000719887623869978,0.00607371479584692,0.00613851345309952,0.00418516675818585,0.00688640534881804,0.00357161053977548,0.00918839316309217,0.00585914367988255,0.0138781075791918,0.0185180602922491,0.0199651776517486,0.0195329739502801,0.0330841830627253,0.0307268105588044,0.0334206843106034,0.0261408825644472
"q_2",0.00013842019629063,-4.91251216626012e-05,0.000788439692664807,0.00145737819158908,7.90195197777331e-05,0.00156914691764497,9.52911727505683e-05,-0.000655066887268853,-0.000389428425111681,-0.00139248849341851,-0.0023705674044336,-0.00338417346306374,-0.00742484033700271,-0.00949843435405264,-0.00998860123457819,-0.00828812121997495
"q_3",6.22932840926022e-05,0.000251222053245158,-0.000604731465480622,-0.000531664320848101,-0.00115618200402945,-0.0016159575014097,-0.00184782757074924,-0.000944102302386706,-0.000457579601873522,-0.000848194793843021,-0.00338714443899547,-0.00298680018265618,-0.00745995532348481,-0.00347163678230645,-0.00451348697005639,-0.00180223921167494
"q_4",-0.00124161121328614,0.000186510367342421,0.000779337707200223,0.000460672734831566,-0.00192581387581675,-0.00178435313941812,-0.00207498810968715,-0.00187976032968499,-0.00226527409749976,-0.00239543320888373,-0.00486596849763824,-0.00683312602189294,-0.0119487463329615,-0.0104138003878008,-0.0143540742960698,-0.0125345581495766
"q_5",-0.00153908188862124,-0.000663043523860813,-0.000539860979270135,3.9893223836102e-05,0.000963837996193,0.00105253714967217,0.000247771207951619,0.000352870890317165,-0.000467688363781657,-0.000113848873837202,-8.37836675874074e-05,0.00199693201038469,0.000710882081319212,0.0065663555307613,0.00766673414931689,0.00579041729867679
"q_6",-0.000345749896240496,0.000255793535127966,0.000775768831647249,0.000461189174683855,0.000264580901300281,0.000596528084319286,0.00051700909864249,0.000184629331846361,0.000333185144538104,-0.000143492131635541,0.000246588334326686,3.65921315440001e-05,0.000943611865089508,0.00110015448443648,0.00208348867220569,0.00311774276635924
"q_7",-0.000681795128714434,-9.69954225242551e-05,0.000275969730651386,0.000818820031468021,0.000570177616187979,0.00148838868054301,0.00182609728049712,0.00162010570224919,0.00113257625447968,0.00176372471303077,0.00220249980226503,0.0032934949984496,0.00400773311831987,0.00335479533105609,0.00373520572707782,0.00390502182364424
"q_8",0.0018306059001163,0.0021622506492695,0.00178967325269367,0.00210817926391222,0.00248428592519738,0.00265041106576897,0.00189596536022154,0.00146276325715841,0.00178307903038477,0.00262170189196256,0.00438078042919866,0.00271300470025138,0.00329696379024293,0.00203109983085096,0.0013623837433781,5.00359565358848e-05
"q_9",0.000887714079301234,0.00160783983619647,0.00166255450717537,0.00143398027723113,0.00082567209142755,0.00358548759743867,0.00407911449011723,0.00298764181967259,0.000684226707537745,-0.000138486776728119,0.000130156594072648,0.00176367109075486,0.00660107156639125,0.00826656196362326,0.0126443995737413,0.0100298176701187
"q_10",0.00021448881692276,0.00090667206023863,0.00100392411489929,0.000821177462367044,0.00178902916108544,0.00186988187960173,0.00150695653112815,0.00179026458005503,0.00215604007478599,0.00222738396779756,0.00215922963662521,0.00339376648565526,0.00371187053064493,0.00311454606051351,0.00447294376929744,0.00346755151525122
"q_11",-0.00126661831024259,-0.00173399473477973,-0.000881113981972036,-0.000872142522424465,0.00119042928579092,-0.000183576993762629,-0.00265393616433809,-0.00248718087431312,-0.00169704272154118,-0.000445428442319808,0.00140734605016476,-0.000191246294551185,-0.000521464552227536,0.00421736160850481,0.00404053663156426,0.00528526888195587
"q_1",-0.00081246825605957,-0.00701241879283404,-0.00711124809537132,-0.00715512419584678,-0.00611151006082783,-0.00586596973778254,-0.00707182739506581,-0.005457284816302,-0.00483681088395949,-0.00703571787043305,-0.0042948679321924,-0.00236055725072002,-0.0018578487000339,-0.00264870204620106,-0.0162283185839549,-0.0180592583097752
"q_2",-0.00108070929570213,-0.000512230895352998,0.000159041609120557,0.000577143677969745,0.00151905134659382,0.000964025421044544,0.00152565443693338,0.00223286404658104,0.00231109844715111,0.003376569735264,0.0028668239006294,0.00338563932846202,0.0041314454705817,0.00388245117859784,0.00322269980301694,0.00455946539619773
"q_3",-0.000999618291199815,-0.000671807426792512,-0.000146133542695948,-0.000634694977003976,-0.00035600397860278,-2.12662313004524e-05,-7.70045742558652e-06,-0.000835437571537567,-0.000655738091617037,-0.00132894143625387,6.94852668407337e-05,0.000929027001537596,0.00176267171361005,0.00107373425414905,0.00213158527725366,0.000464453628503278
"q_4",0.000301780133335215,-0.00010444515014435,-0.00203178062310092,-0.00116848179132762,-0.000799858272637988,-0.00160258376442048,-0.00113326574448051,-0.00154816007548391,-0.0023205228254278,-0.00273523539138222,-0.0025307638315644,-0.00077863539212988,-0.00267250516983305,-0.00367317508420086,-0.00332455736698157,-0.00513869391275132
"q_5",-0.000411335205729423,-0.00146987024971846,-0.00145791986405183,-0.00232150028522705,-0.00257925036126291,-0.00215784609906267,-0.000803876611874219,-0.00122537677485826,-0.000180185111352459,-0.000939349412710564,-0.000699379860774535,-0.0032294925764902,-0.00201555215085942,-0.00454993765052976,-0.0055469494741004,-0.00307985395869773
"q_6",0.000729271838398375,3.68297770528329e-06,-0.000122865904850772,0.00040157627217266,0.000304537670873826,0.000212175164842446,8.81229754754417e-06,0.000243577127180939,2.80656278973441e-05,0.000699545961371541,0.000588706489112306,0.00110707046322494,0.00078945351683921,0.000598642979116206,-2.25593294332059e-05,-0.000617052878324213
"q_7",0.000807044696790516,0.000332942307934518,-0.000167350060393413,-0.00049028863407377,-0.00036549911284611,-0.00112519152464166,-0.00142716424050491,-0.0013520560166845,-0.00144074983618653,-0.00134927149140192,-0.00133107742287555,-0.00164955333261133,-0.00191472456153154,-0.00115468538171522,-0.000272622921129152,0.00045555281185187
"q_8",-0.00114174998963662,-0.000910572061736933,-0.000541500051328782,-0.00106347429231488,-0.0009207039058305,-0.00103403804754165,-0.000831971917121682,-0.000441946744521354,-0.000498237984584957,0.00031880956953517,0.000145054158331308,0.00109798739426433,0.00129707318492404,0.00138889857852548,0.00164462996083545,0.00248869883761333
"q_9",0.000826282848760882,0.000192582660373136,-0.000207950346198657,-0.000139203607620054,0.000692097305085339,-0.000630893254455129,-0.000577057597284413,0.00101519360813333,0.00206209428767298,0.00317311336849659,0.00340090464575901,0.00310772651317714,-0.000104947021063803,2.56364331466126e-05,-0.00137046839024482,-0.00163775957988334
"q_10",0.000949989803572176,-7.67174195443298e-06,-0.000132676072266715,0.000297905491887478,-2.67278250196279e-05,-0.000194231259343923,-0.000370010037932551,-0.000189650040050719,9.57333671161691e-05,0.000123668216989834,0.000203083535080312,-0.00045913524439833,-0.000367372060829276,-0.000641726072206525,-0.000476080746404589,0.000600023608198457
"q_11",0.000230513575082021,0.000554688815729498,1.91306788789811e-07,-0.000578273993818205,-0.00155738456146952,-0.000379637864906618,0.000927044376468076,0.000534554064214707,0.000645359305223554,-0.000261760819548788,-0.000689232561276373,-0.00113521423841633,-0.00285978347848827,-0.00467445770674855,-0.00524946770532803,-0.00314271133867733
"q_1",-0.0984468531594659,-0.104602993910473,-0.104866609196768,-0.112436543739959,-0.116433754579074,-0.105253603924946,-0.13520947734367,-0.119083450826701,-0.106468954563859,-0.112478922108575,-0.151253455612736,-0.179733654252786,-0.171906613232735,-0.219886441013433,-0.211450554986967,-0.173149399392801
"q_2",0.00929950149076177,0.00246427797465786,0.0068236923055914,0.0102400201543912,0.00570091557110704,0.00930498178372666,0.0071345183861559,0.0142862220425028,0.0134534182692102,0.0271926996283096,0.0329261584953262,0.0378486500311386,0.0385173229087152,0.0409085960660474,0.0521941401420692,0.0349900220075208
"q_3",0.0203743979191631,0.0156523952709889,0.0174531783236823,0.0169800123986843,0.0149254939530758,0.0173443660008846,0.0131265378089034,0.0168162943847431,0.0139297933649259,0.0163999242128695,0.0125633550263919,0.0107977270439629,0.0129961177465643,0.0151605590012165,0.0144644894024712,0.0196796703455514
"q_4",-0.0230570691600645,-0.0362685903481735,-0.0340569928243671,-0.03784484661386,-0.0442089470226244,-0.047889966065934,-0.0571463162410227,-0.0534912893426216,-0.0549195576615193,-0.0588830615354415,-0.0566114347094188,-0.0601892361764121,-0.0625031872076201,-0.0646351716908104,-0.0715670459342929,-0.0547621389090174
"q_5",-0.0109619558383824,-0.0174277881280674,-0.0135394441811469,-0.0119619621054194,-0.00983930442157155,-0.0078889464282542,-0.00503203465370046,-0.00582452065034654,-0.00343314697134078,-0.00359794945157407,-0.00212312352946746,-0.000838301204910924,-0.00520576593443191,-0.0074208953314351,-0.00443494561782905,-0.00245773814928001
"q_6",-0.00696306650917277,-0.0129804020355572,-0.0137605482464928,-0.0125001774806565,-0.0113895427306819,-0.0100306335407606,-0.0118035359078587,-0.0122201104060516,-0.0128542320033792,-0.0114724227330249,-0.00895487930603463,-0.00927829121033475,-0.00899660736442134,-0.0109364099027328,-0.0117246168718414,-0.00958324518719422
"q_7",0.00324239009071799,-0.00329439072900704,-0.000822733682754114,0.000587100814996858,-0.000611156858594948,-0.00148990774405633,-0.00294256201903887,-0.00499916617985866,-0.00351709032966332,-0.00189190677085463,-0.00124560470779491,-0.00379088989750491,-0.000971545442133722,-0.00332576495739398,5.42160156699975e-05,-0.00379864052229045
"q_8",0.0202323239495486,0.0149218199082551,0.0198689306658267,0.0196302931149058,0.0199909918984748,0.0204127831794357,0.0170196069887471,0.0178889130515977,0.0198856130287853,0.0206847612144435,0.0302062005336686,0.0278746704352623,0.0236542802802868,0.0210583614510635,0.027463975488038,0.0286975864193583
"q_9",0.00172276455577238,-0.00547826979241459,-0.00809148008057963,-0.00345413948694296,-0.00864572174510873,-0.00512930420469012,-0.00917519127467264,-0.0117166264238792,-0.00722739023367028,-0.00154783525056326,-0.00459497799003451,-0.00442069572306799,-0.00912033699762772,-0.0192321216608222,-0.0152238663165726,-0.0157145461400755
"q_10",0.00325401264434803,0.000595495742292858,0.00102272670512506,-0.00126470489248111,-0.00136861763909789,-0.00118732472284319,-0.000133554286661808,-0.000730749638162045,-0.00154241727421928,-0.00143208974160587,0.000184543271020215,0.00089854708758622,0.00207208143986406,0.00286354872274808,0.00325514284416593,0.00376902572311279
"q_11",0.00417694815513042,-0.00500156469305308,-0.0166161746595854,-0.0233247753035192,-0.0178584998933309,-0.024388971946791,-0.0182263795647461,-0.0196278172747447,-0.0160891046366406,-0.0224298914090194,-0.019732885377655,-0.0146541053331333,-0.0285474719223344,-0.0267058046261655,-0.036967407838162,-0.0265223966280536
"q_1",-0.0464859491097294,-0.047924364553015,-0.0323175833344335,-0.0192324939409989,-0.0302565355510652,-0.0226707665665079,-0.0243044671990909,-0.0111979433413257,-0.019263621719237,-0.00876736340155494,-0.012051561932944,0.00151631280349068,0.00920466233313325,-0.00566066380645783,-0.00433007789703434,-0.00298312294416679
"q_2",0.0138298393465277,0.0219463389582578,0.0135871732962421,0.010240340546787,0.00964964519762657,0.0118237404014831,0.0129311430369389,0.0108458736125999,0.00956256026301953,0.015616701730996,0.0113640671881759,0.00588737139178856,0.00538275518049783,0.00910722822184895,0.0104897120981588,0.0108048051976266
"q_3",-0.00904418581855171,0.000540413928215431,-0.00481478583843952,-0.00535759753868803,-0.00637228266215089,-0.00708381713797084,-0.00474218901277319,-0.00397134918688457,-0.0071725375493585,-0.00709261334014057,-0.0135279643364036,-0.0111114023848829,-0.0110286494529965,-0.00587155516080377,-0.00561030555347882,-0.00106603410385161
"q_4",0.0146529188386841,0.026555348988669,0.0224147671956718,0.0233260892220823,0.0231006105147427,0.0253681976041331,0.0231216129300762,0.0228811257274655,0.0234271000743372,0.0276718563897305,0.0249757796613233,0.0263408807943517,0.0255041858710276,0.0254673685222968,0.0294050058460779,0.0261151214045553
"q_5",0.00545195110833938,0.00922712365836177,0.0105247333109247,0.0142944477316781,0.0168744975720157,0.0133222623871465,0.0132771659099651,0.014998946617567,0.0155147961812835,0.0130021240825466,0.0138671673922915,0.0148689077559877,0.0152728946623575,0.0193073787454376,0.0182009064920977,0.0232530494124234
"q_6",0.00132733823238623,0.00666063838785826,0.00708617231312067,0.00638547289030037,0.0068228953610616,0.00888980917222273,0.00733577240862382,0.00787838022744898,0.00887924673748349,0.0114600361655029,0.0135044631163164,0.0132698344850237,0.0134569360648989,0.0106212730049717,0.0112054697322032,0.0122540887853259
"q_7",0.000928772126765956,0.00600755469579004,0.00323604589939185,0.0039932751514815,0.00480578999923962,0.00659801623907497,0.00747738582027703,0.00825597933095815,0.00815879696409606,0.0109289571365508,0.00987255887451747,0.00961411353220005,0.011497680129623,0.00541396539760218,-0.00305955059608365,-0.00235436595428208
"q_8",-0.00549061390911716,0.00282266004169146,-0.00186534073786726,-0.000947693906238723,-0.00340453970897848,-0.00106647465750326,-0.00329022753507447,-0.00376608889642574,-0.00306859952336166,-0.00549948805576578,-0.00192629477633048,-0.00595417409124257,-0.00671981891389543,-0.00801884623989052,-0.00839063942268625,-0.00242778653904209
"q_9",-0.00886896130980302,0.000903645492691279,-0.00520848600424597,-0.00309303860614351,-0.00238391832379195,0.00144380501209449,-0.00246004586665927,-0.00328150380623799,-0.00584356359937734,-0.00334682373087934,-0.00541297300151974,-0.00294335209597386,-0.00189356334962573,-0.00973438580932334,-0.00509732680984977,-0.00773865574726013
"q_10",0.0031405906884346,0.00489222967260575,0.00619940192734884,0.00683094687562064,0.0080320904380925,0.00788546057372545,0.0111824649038597,0.0102853912035011,0.010908271359301,0.00826881833040449,0.0125605458503654,0.0120108979221869,0.0115906023717895,0.0107226081357502,0.0144771217571914,0.0168102446323519
"q_11",-0.00520343255282589,-0.0104042623051888,0.0075298579510273,0.00432487039714447,0.00623143286037517,0.00701768775550798,0.00635160779592941,0.00545200240877943,0.00887856928911863,0.00107590306374373,0.00138526333275258,0.00212867404084393,-0.00297711066006115,0.00579491302381001,0.0154524686103817,0.00606897254372041
"",-0.159830005235206,0.121796567044899,-0.115398472098132,-0.0616167942085697,-0.317761868669706,0.503205754901488,-0.121563360047663,0.220567546160724,-0.206033833839572,0.214703173227588,-0.593696483692102,-0.230631615085593,0.116910692700329,1.06276068979599,0.562182656864942,1.37037961619627
"util",-0.019894998349629,-0.618090006722021,-0.320711840593219,-0.519149019957525,-0.000809551779952002,-1.27628689547231,-0.250417037379093,-1.17719810634734,-0.362631628542759,-0.969874753084359,0.454151305265657,-0.323965720242027,-1.17532259574988,-2.7488360379795,-2.01073864155044,-2.42569273621842
"util",0.00342788995368249,0.372514061092649,0.245646159312832,0.389908942586836,0.0759856910742819,0.774146725248203,0.202561886150451,0.880789351365163,0.280412616835098,0.62290269843797,-0.259958452665708,0.365539021339877,0.891191592806313,1.83209068312719,1.34170861332875,1.4741116953757
"util",-0.00026913039099753,-0.0650946545026167,-0.0472784392535763,-0.0792814277441802,-0.0200166806988569,-0.154939167498306,-0.0448145024816151,-0.192170946225611,-0.0586457092618829,-0.128275982052184,0.0558415459421459,-0.0910197187210179,-0.204170137006519,-0.397091916006247,-0.272783340661612,-0.30639099832297
"Z1",0.0634903696737276,-0.0505718921671365,0.00529150099267609,0.0719177011199177,0.0473848808949741,-0.0631443550379347,-0.0271398123476337,0.0580437378083074,0.0493576771635084,0.0116238096614993,0.0739519460869871,-0.0237461588323513,0.0618452128686478,0.03956057870711,0.1688677760494,-0.441161234904753
"Z2",-0.0417868179024994,-0.0102766625545529,-0.0204157603669786,-0.0784413113157506,-0.121756208476693,-0.0881909925787982,-0.0198252993563426,-0.0901346644713098,-0.0425740641765323,-0.0742442932135048,-0.110639058692956,0.0161500269837046,-0.0124243824315108,-0.10834799734294,-0.169013095628421,0.0166534188720254
"Z3",0.00723649935364,0.000863402502951809,0.000385463239402466,0.00894175806875476,0.0170660662371335,0.0114710458926426,0.00630731764586948,0.0159986058705629,0.0138714031120535,0.0188148213190441,0.0231578390509836,-0.00891450389897316,0.000738239118053064,0.0177414874372435,0.0232173458643224,-0.0195965210239806
"Z4",-0.0285544044344083,0.0238509152064912,0.10140684341205,0.029662239962528,0.0672653306122746,0.180847629454295,0.082211679633412,0.0946275115352786,0.156990470263523,0.0293228180384892,-0.0291380453563441,0.13516478528982,-0.107979520440641,-0.0203223648453512,-0.0972853575798351,0.430569846501542
"Z5",-0.0263854901515792,0.0121977218230814,-0.0130062555539127,-0.0316138257327532,0.02643015219684,-0.0429801183542276,0.00698157802305586,0.0557997662800221,0.0784436272267635,-0.0739080333304863,0.0838056320693544,-0.111725490019481,-0.0681511356118241,-0.0971924149228914,-0.17362941899004,-0.125494382372317
"Z6",0.00182027869531661,-0.00495444302911458,-0.0259107275388343,-0.00781986869046035,-0.0166227276371977,-0.0354869230380127,-0.0125496758647826,-0.0183693574003673,-0.0264028947470755,-0.00955480386187892,0.0060668053633121,-0.0297687128067278,0.0219264055593917,-0.00418317289959444,0.0176072102474854,-0.0895376374625152
"Z7",-0.00631212269333244,0.00615621422780724,0.0060244596101506,-0.00446742655466897,-0.00198870105201924,0.0124238087398252,0.0025941131819773,-0.00377732472904963,-0.00690376787847699,-0.00172228099676549,-0.012974454818122,0.0165038533582334,-0.00559188306551545,-0.00156418407914944,-0.0189828864857366,0.0714847042724062
"Z8",-0.100355391177411,-0.0746311907384199,-0.177919755484831,-0.150631310257045,-0.200468591766426,-0.163206038002567,-0.198840408997695,-0.156491689563929,-0.269938668199574,-0.31444481615423,-0.234235496206999,-0.248402690202325,-0.216664013639468,-0.158338743161638,-0.0855520696690807,-0.0522298968869689
"Z9",0.0476382365928948,0.0373876459869151,0.0769079734011873,0.0797938592899221,0.0579670739231834,0.0553495423880138,0.0597400331324244,0.0400145886535348,0.019916824849653,0.00757303582373923,0.0153487839116064,0.0134263045780291,0.0313777020488954,-0.0722685064051404,0.0775203954408022,0.0842511340244659
"Z1",0.00258397361531297,0.0187796459216422,-0.0059960629721157,-0.0243898232740712,-0.0130115377859104,0.0376896519658056,0.0112069662920303,-0.041838821618584,-0.0119325438352215,-0.00182630318811512,-0.0200643467488695,-0.0158438977133845,-0.0273177554936244,-0.0114442805820189,-0.0862287577034054,0.116704375036722
"Z2",-0.00255923951104211,-0.0120115509420912,0.00102646104769701,0.027061525525312,0.0356176552982365,0.0256366125098386,0.00752463796434404,0.0457890284308292,0.0284333688222882,0.0402346546195513,0.040418357043328,-0.0244231575502021,-0.00932429804268916,0.0209286207477965,0.0493058723896737,-0.0102748036175126
"Z3",0.000323764707531074,0.00246235376262843,0.000510297676927164,-0.00358326409726211,-0.00496137124823755,-0.00342527395006794,-0.00333824514399974,-0.0101282236270898,-0.0102091597309156,-0.0124566260942399,-0.011104239559765,0.00413347546163954,-0.000879860369026157,-0.00574708614102408,-0.00841366245907222,0.00313920881996598
"Z4",0.00324349752758641,-0.0104368015888229,-0.0424479987190396,-0.0276616905547699,-0.0345914326004931,-0.0795578204042383,-0.0345322778516047,-0.030962320894416,-0.0719197636010455,-0.0220145868982591,-0.0086962868202165,-0.0663445082671184,0.0350053244324643,0.00573052295604812,0.0599140997868311,-0.150072204876267
"Z5",-0.00259531467621209,-0.0229648517552869,-0.011055502179506,-0.00499889057888323,-0.0297464869344061,-0.000573902913008861,-0.0127602684425217,-0.0156974440997719,-0.0226626968972542,0.0409099857199219,-0.0428190490190188,0.0461459015343846,0.00457119038927285,0.00715884093032047,0.0344641721774027,0.0261088172763793
"Z6",-0.000620074957726306,0.0011024132326103,0.00931387466692319,0.00537156429544252,0.00688927668524498,0.0145822399754504,0.00505995225298719,0.0055461693977217,0.0124374362372568,0.00694220222902925,0.00148328698173115,0.0147864663054228,-0.00710222620086081,0.00208707309465788,-0.0117406436274282,0.0296902691821913
"Z7",-6.0756611559332e-05,-0.00213833146035213,-0.000869785777005308,0.0022448738285021,0.00105403521619708,-0.00520088162240964,0.000489134840396777,0.00564439776541911,0.0042129688047721,0.0028193971241787,0.00631215656119224,-0.00228329271826828,0.00495032310202794,0.00188767840205265,0.0119988023114707,-0.0172630499287123
"Z8",-0.00810559096137093,-0.00554295679502905,0.0305773123488658,0.015464833955891,0.028516975740704,0.0169176402689548,0.0119263888632154,0.000400907269581402,0.0360535159463971,0.0631602010818222,0.0272796481717989,0.00941863151632085,-0.000132838541058771,-0.00820102695326684,-0.00331365787475747,-0.0404323055835913
"Z9",-0.000953611262517783,0.00837604125522991,-0.00969039837630667,-0.0148663165569754,-0.00506087621640776,-0.00754030571082884,-0.0160778563506067,-0.012998631790264,5.11479705349985e-06,0.00598535816305141,0.00459042106925363,0.0026567886255973,0.000444561227550621,0.0375291300952566,-0.0153215495728016,-0.00203252753416196
"q_2",-0.0569017368333355,-0.0535032623267268,-0.0567148098108404,-0.0651051647004807,-0.0670492774935673,-0.0704704149584543,-0.0697075811060413,-0.0777058716197962,-0.0933242734640382,-0.097723713025351,-0.0841590128216308,-0.0827817442971563,-0.0999783950986519,-0.109144040901004,-0.11310225302163,-0.0853928652571905
"q_3",-0.00121423750801009,-0.0045945622940258,-0.00485896508981747,-0.00273492384325401,-0.00366435740815975,-0.00196226141995549,0.000988409255449985,-0.000357797970974729,-0.0112453560233913,-0.0122994816358134,-0.0223490900273547,-0.0329896538708898,-0.0300505492370733,-0.0218950592955747,-0.00691797517385591,0.00779013153499597
"q_4",-0.000715122719560231,0.000318213748439414,-0.00117564197358797,-0.0114569004706678,-0.0139595899513681,-0.010534344070298,-0.0108566007505637,-0.0225973228186558,-0.0232528894502259,-0.0201939485489228,-0.0399714911734829,-0.0351157993381987,-0.036589176673357,-0.0192600932728782,0.000209585144042491,0.00945691111172454
"q_5",0.000184779875895982,0.00421643281978351,0.0111377703324021,0.0158318206167045,0.0120734906344953,0.0150184119985941,0.0157173535886811,0.00913784562942483,0.015317977744254,0.020108640364186,0.0207690331954434,0.0343376376415755,0.0348501027926139,0.0333099647756938,0.0253809891249128,0.0210791195328712
"q_6",-0.00355340152108531,0.000370062807419482,0.00622576987172094,0.0051134196285548,0.00458184826193214,0.00513476946031259,0.000404330376801098,0.00366820726827112,0.00540609981979852,0.00331633937354763,0.00245079375789776,0.00396410218523933,0.00280450333102248,-0.000120824624693515,-0.000641997524078707,0.00177228485859429
"q_7",-0.00705033974495184,-0.00726118677741268,-0.00785516525192766,-0.00821809820181477,-0.00683533932373392,-0.00568915819741761,-0.0070347565973207,-0.0112347214956419,-0.0235457802822583,-0.0185083422868427,-0.0209065011785829,-0.0176640019334603,-0.0158382721050254,-0.00744791744762329,-0.0189200927796805,-0.00289453924896745
"q_8",0.006043861051717,0.0142514978484429,0.0102368541655156,0.0128012473877512,0.0144675146461965,0.0201804628931021,0.0201479323291553,0.0257618092520258,0.0341411888591816,0.033988815981329,0.0354621287480769,0.0388414682674598,0.0322293338125561,0.0341722802955356,0.0327738580227988,0.0334272635423908
"q_9",0.00830954938035746,0.000178447848131181,0.00384640097969779,0.00141363959427085,-0.00413728353947082,-0.00882460332095052,-0.000820067054943336,0.00219769674076427,-0.0182545961665622,-0.0146879228485469,-0.0147966082533557,-0.00533750925831147,-0.0187228792318162,-0.0205532799372364,-0.0413568179226556,-0.0213045561829835
"q_10",0.00214363706986274,0.00414667472429799,0.00537240463586392,0.00317364443040784,0.00790083046755813,0.0076158322328449,0.0104148907249472,0.0167553891030831,0.0234248942353428,0.0190991052330342,0.0234081030483979,0.0190481623283241,0.0142315974478368,0.0205724480292723,0.0283718574483873,0.0246650922287738
"q_11",0.015453345084266,0.0362277307087619,0.0453687545171002,0.0531079533198941,0.0498776468604848,0.0342172675859163,0.0434381324276904,0.0504788869050786,0.0584730609047083,0.0471754111417312,0.0597587189168237,0.0595697459994981,0.0570583978804578,0.0470696030059571,0.0538404800092433,-0.00202532309015989
"q_2",0.0105670228239436,0.00492038145977072,0.00743014601702716,0.0132247485229507,0.015353213052095,0.0174371550058729,0.0160314706104312,0.022778495520943,0.0254959194044308,0.032126899756997,0.0186386517627363,0.0167459901207101,0.0243320734845788,0.030131276044931,0.0273404665655681,0.00777232824760729
"q_3",0.000514064042716259,-0.00103734135740648,-0.000892880010371424,-0.000774334134217422,-0.000904730841344638,-0.00184079214474331,-0.00301565439573716,-0.00166089631459497,0.00202588047622171,0.00194411193451012,0.0066477378244522,0.00778328785052139,0.00598465230469293,0.000846726457844735,-0.00301862044922155,-0.0110510992370299
"q_4",0.00440661909772396,0.000919106257309768,0.00227682664813607,0.0102349427171076,0.0135107658826832,0.0111984977431283,0.0107309620126907,0.0164467826752572,0.0138053825789257,0.00844681947080735,0.0260990414591965,0.0124520619532549,0.0167157403740819,0.00888440675844712,0.00948785661786992,0.00202900086585976
"q_5",0.00114655416301814,-0.000102370969441668,-0.00579746800142894,-0.0099570120760298,-0.00678299465471745,-0.0119877648317677,-0.0126671324304868,-0.00828852098488396,-0.0106472009830538,-0.00993436952062816,-0.00692928508326695,-0.0131056592970132,-0.0184915597211465,-0.0163828404530642,-0.0124611783333731,-0.00638072768889356
"q_6",0.00217887960560793,0.00221893807544248,-0.000520863142912676,0.000131014191092288,-0.000552397853891603,-0.00123978252281651,0.000652160720182419,0.00017954429267798,-0.00169314963395248,-0.000823992930972065,0.000620886081909117,0.000570290330030165,0.00199811551888318,0.0036671375043497,0.00201503520606242,-0.00027423312137911
"q_7",0.00344003222746936,0.0024488622386216,0.00116050626466259,0.00112844098534382,0.000337997769099271,-0.000614646931386628,9.71287516520731e-05,0.000752572063010503,0.00855819732099677,0.00726842496001244,0.0100959643361498,0.00638722872864002,0.00454205741860214,0.000188484648375925,0.00501664511907258,-0.00471238681790365
"q_8",0.00243666987611627,-0.00305835800936635,-0.000642090905495774,-0.00201170246702968,-0.004900551351703,-0.00955420825516075,-0.0101543934974753,-0.016347563627787,-0.0213077210707429,-0.0219159797130451,-0.0185360672241521,-0.0178772226440245,-0.0131927712566663,-0.0127954044378164,-0.0136264494089221,-0.0178371323955182
"q_9",-0.00353355176860171,-0.00198148026026264,-0.00452502332156322,-0.00253262880309945,0.00385434086901063,0.00191636864105205,-0.00213831560193905,-0.00213412122984409,0.00967426468222345,0.0065767000442649,0.0069812053167584,-0.00159327300413539,0.0116540721337222,0.0162497802942142,0.0244942888046298,0.00454018299008593
"q_10",-0.0027738924616246,-0.00324140413909725,-0.00387503433842291,-0.00157336516072606,-0.00475009525275358,-0.00406693160307488,-0.0048888210885513,-0.00727028951672577,-0.00937275129552345,-0.00727995027375207,-0.00992901314916453,-0.00885615719112008,-0.00453933170371083,-0.00659417371141847,-0.0119178959129362,-0.00632173602581781
"q_11",-0.00362770473815808,-0.00378868320527381,-0.0076532960941762,-0.0143511552926083,-0.0117729351596637,-0.000934791952583421,-0.00772198562971213,-0.00941352795676026,-0.0105849612750656,-0.00561667740716696,-0.0156315771915831,-0.00757418076194438,-0.00309937419603115,0.00328198780696886,0.00640353534496929,0.0476120846444067
"q_2",-0.00824133513128085,-0.00802766965656775,-0.0097256656644403,-0.010637701251591,-0.015504299760715,-0.0235077455506555,-0.0176320830068997,-0.0224076965374559,-0.012713843636527,-0.0243645216071251,-0.0145351138732745,-0.0193294940391061,-0.0158631860566033,-0.0145465714306783,-0.00529396362012238,-0.0160093016580647
"q_3",-0.00390976459016982,-0.00204988967223266,-0.000659205625476534,-0.00223807703128844,-0.00251329850146612,-0.005398827656934,-0.00625411108082456,-0.00510232105534216,-0.0054156513989377,-0.00209584418056211,-0.00687703316902701,0.00158928302801043,0.00108009345350865,0.00293454005429669,0.000460384433249856,0.0129020487256989
"q_4",0.014067300745754,0.0171387901797755,0.0151609152431605,0.0104533778042995,0.00802308417877238,0.0127832147147377,0.0163451885573718,0.016520175024817,0.0230823004153793,0.0358357488498739,0.029018882888997,0.0413127430050114,0.0411569649674622,0.0432590305719174,0.0166837948062842,0.0278542048164729
"q_5",0.001072893060629,0.0012765143261876,0.00490376223413129,0.00970153555956538,0.00875000854318983,0.014848517292737,0.0149212472476608,0.0137958349308961,0.0118992234265485,0.0066041860648538,0.000327145537093022,-0.00550616440343743,-0.00221118620925145,0.000325732888947588,8.0183833354842e-05,-0.00462579244527225
"q_6",-0.00700223684903239,-0.00848751745478229,-0.0087280802760527,-0.0110531463936237,-0.0109084050680827,-0.0101576764873333,-0.0101699109055735,-0.0130958328848762,-0.0106207383899995,-0.0105082734924732,-0.0119715792400664,-0.0137110302069614,-0.0143991160447403,-0.0161888539392084,-0.0132681851046193,-0.0101642530835175
"q_7",-0.0045712671347473,-0.00412831371766632,-0.0026194576985246,-0.00163994495697206,-0.00289282328690401,-0.00259025911172971,-0.00222211873403283,2.77781618792539e-05,-0.00185496592010624,-0.00459901204094292,-0.0049849639960942,-0.00326083357272918,-0.000948183122854859,-0.000410855775750809,-0.00290988175243739,-0.00948579985809188
"q_8",-0.000374724987734249,-0.00160749982376378,-0.000136106570135315,0.000867329948180176,0.00283401020644434,0.0094718044222603,0.00985577188195736,0.0117813061560647,0.0102248834069937,0.0134006818350105,0.0100130319129005,0.00546348839764379,0.00566156058494341,0.00207856504535241,-0.000761542403875712,0.00229284665878553
"q_9",0.00692210350456519,0.00320716500249688,0.00567797168116663,0.00438035893575735,-0.00310644838412406,0.00514747451145575,0.0080511208706397,0.00458262089595123,0.000798359331065498,0.00338557042921338,0.00455520788615043,0.00684635164954059,-0.00389561587981999,-0.00941247976162883,-0.00678488808700312,0.00811007811021273
"q_10",0.00123476503175414,0.000140019924230466,3.87077130197095e-05,-0.0014590544687158,-0.000402901743499661,-0.000324876221568629,0.000497156490250874,-0.0032931879848822,-0.00585136647835797,-0.00721362720548203,-0.00544758276607709,-0.00153145178104627,-0.00615882511983985,-0.00678644226984886,-0.00277655686292316,-2.37156841479615e-05
"q_11",0.00126313666029023,0.00393001219742203,0.00496969922485889,0.00915063421499157,0.0101321206933257,0.00699896192852215,0.00577142000851779,0.00685353395047642,0.00291151321736243,0.00134319455711364,0.00898574150753911,-0.00188956071117673,-0.00899251751993311,-0.00690314693731386,-0.0113085402156636,-0.0219657263483728
"q_2",0.000835724267978122,0.00093738232874258,0.00109092849268226,0.00115524539641984,0.00183556974331709,0.00390088483776459,0.00311097631348753,0.00413686841960853,0.00234229381834192,0.00489077844629015,0.00259122531445338,0.00252614761985184,0.00186782168010328,0.00160993521744744,-0.000702154769394694,0.00174576058465096
"q_3",0.00112667733923031,0.000713821824427,0.000227947721957385,0.000751313352295061,0.000818775006214104,0.00110543342169324,0.0013849135221939,0.000772486786062913,0.000671790071802595,-0.000138191961390362,0.000680316846655172,-0.000892333104702525,-0.000795602888161929,-0.00145020289126437,-0.000546171574842442,-0.00283655435945652
"q_4",-0.00254136354575395,-0.00288312420781469,-0.00234733123240002,-0.00161069107249857,-0.000957234067037547,-0.00175201715852098,-0.00242096136300668,-0.00224472036966361,-0.00302662057518053,-0.00511716546932824,-0.00384932303043051,-0.00667187807500586,-0.00644330720627995,-0.00713183770701229,-0.00153281134660445,-0.00385345244745057
"q_5",-0.000175208458466279,-0.000130452440972083,-0.000802115885338162,-0.00164949316361081,-0.00122697047243795,-0.00244591508171078,-0.00250909322609261,-0.00221368141554016,-0.00183474317779114,-0.000997939765122718,0.000430947199631298,0.00165836233573542,0.0010059225545373,0.000374047987039896,0.000658423153346435,0.00168027036739121
"q_6",0.00105515486542117,0.00134992357794384,0.00134656397535655,0.00178464579336565,0.00174616778927064,0.00152815805439307,0.0015143081690142,0.00190533096189989,0.00133037194134084,0.0012971725731043,0.00161106232756473,0.00206355689280834,0.00226142004008468,0.00265259890294173,0.00197690502061512,0.00143361295346894
"q_7",0.000695879017087361,0.00060610948883355,0.000243642521973167,0.00010664199530892,0.000331620888580208,0.000282362686579358,0.000341395373105287,-0.000136236625752317,0.000295667982092574,0.000854282015415358,0.00102906854764852,0.000627415640420339,0.000272908019120206,5.85088779349362e-05,0.000441041635081919,0.00151158558375927
"q_8",0.000485472229106319,0.000803077931222175,0.00066211138016376,0.000357186350423632,9.14978665664876e-05,-0.00144146393881615,-0.00154659874287951,-0.00214125969834261,-0.00177015952879659,-0.00262579034276381,-0.00168278585016892,-0.000682556567973086,-0.00055866370915862,0.000269735684416559,0.000766984767612262,0.00015159647039492
"q_9",-0.00152184834966842,-0.00072080606517245,-0.00122645634174877,-0.00123997905585111,0.000170355794970874,-0.00151356047219384,-0.00214583491773837,-0.00180382392309723,-0.000648681287038601,-0.00151578543993806,-0.0016606374878733,-0.00187318583222155,0.000209597957931389,0.00201267924352099,0.00100058425526058,-0.00327260139876677
"q_10",-0.000159501510777116,0.000128897718315868,0.000122692843806986,0.000222442012608656,0.00024193818528885,2.13189056945689e-05,-0.000269861165776458,0.000546549882052591,0.00110673889333513,0.00126091815909217,0.000726209106313082,-0.00032650717769941,0.000673442865576788,0.00069797463898035,-8.40193044719406e-05,-0.000276812654845292
"q_11",-0.000438496648968158,-0.000808031897134781,-0.000869665029552468,-0.00146333262979921,-0.00155468228160792,-0.0011745564490386,-0.00165889723188009,-0.00163733679999322,-0.000857838977929319,-0.000709862366598228,-0.00221007448579083,0.000332039100679442,0.00175282659056998,0.00120980052236924,0.00213715807646709,0.00468714199049968
"q_2",0.0162310337898284,0.0189702369251787,0.0189531089931469,0.0113240693893242,0.00895714065467838,0.0194623286914733,0.0159526003338017,0.00949259179710349,0.00263762354233804,-0.00138784741376211,-0.00132718128398855,-0.00139881761252847,-0.016461131471899,-0.0208416248401025,-0.033709713368327,-0.0109012997350323
"q_3",-0.00103758047409017,-0.00388538755739526,-0.00202234979733383,0.00236396843704451,0.00496245631219334,0.00829530736646417,0.0120820175955527,0.0110878350833306,0.0117886656517014,0.00507460318582197,0.00716973094276412,0.00549841878965586,0.0096268855204131,0.0171611881266471,0.0249681707163077,0.0195341726225581
"q_4",-0.0171984279024943,-0.0160237726242335,-0.0152113477120273,-0.0196675576276298,-0.0190003537314227,-0.0222576091648514,-0.0235322828963625,-0.0281286111090508,-0.0276239299582428,-0.0316815687138244,-0.049724725029157,-0.0288929537167031,-0.0351801034893041,-0.0228149424980783,-0.0135582480220159,-0.026907383508235
"q_5",-0.00455461850306312,-0.00479269382806888,-0.000231113445555176,-0.00440556832914924,-0.00708328314400276,-0.0054338115772222,-0.00606220785352707,-0.00605220225159103,-0.000320999038508885,-0.00243705742468717,-0.000765939305263162,0.00754626935433037,0.00528732781279586,0.00183591208082271,-0.00557400273216799,-0.0119612828570703
"q_6",0.000324540301983143,-0.00130809333553361,-0.00061307207829087,0.000848636894900499,0.00270235395627842,0.00267799137610187,0.00209588463254469,0.00234959843971153,0.00435166948296825,0.0035164734524174,0.00326056441044546,0.00279200506463082,0.000419256230642273,-0.000598955257225228,-0.000540109643764109,0.00261467116382646
"q_7",-0.000168537487061204,-0.00240622475207048,-6.18805977777491e-05,0.00227390384764123,0.00436930054511842,0.00605305641294142,0.00490881342073161,0.00388470584990241,0.000205405900958564,-0.000560479707282559,-0.00353073722675705,0.000712428602418236,-0.00357994008206712,-0.00266064708179823,-0.00250683888735619,0.0150083989099323
"q_8",-0.0122596227074539,-0.0128074770112237,-0.0160912064621783,-0.0178071312993258,-0.0158964321799114,-0.0168099094297443,-0.0162679049257507,-0.00326991080932712,0.00252156239721144,0.00158422986099069,-0.00199759774262838,0.00120184214299559,-0.00716189785023286,-0.00370059897118982,0.0059500409957061,0.0143016086551215
"q_9",-0.00402517043537168,-0.00572879108751387,0.000782868738506305,0.00175381675544555,0.000829658638755529,0.00196740618681006,-0.0012262351553472,-0.00109512878096046,-0.00468554255001834,-0.00653489679612181,-0.00816444899096763,0.00285969200753656,-0.0139918249788827,-0.0135595494151657,-0.0184948539614714,-0.0142237633089185
"q_10",0.00510359541667333,0.00627231445070247,0.00769052638300541,0.00337753373731161,0.00550594245138646,0.00371030922600146,0.00393357529230724,0.00771471541323192,0.00844964238472717,0.00769846426616164,0.00578449603147078,-0.00040384853228755,0.00182557027718216,-0.00230587804815129,0.00146814267699374,-0.00825127828189264
"q_11",-0.000484924544419229,-0.00508479685910904,-0.011034851462012,-0.00579078334884638,-0.00564289633609012,-0.0161308475111263,-0.00580733968443941,-0.00357372769399712,-0.00946511909017538,-0.0024294271122897,0.00144607604083895,0.000915795421539465,-0.000932484206597254,-0.00243523566830348,-0.00733546853310022,-0.040850496124472
"q_2",-0.000103659326695389,-0.00108846940241524,-0.00190923180495949,-0.00447974689750343,-0.00410176862063215,-0.00311749554867157,-0.000291519711441448,1.28199213888263e-05,-0.000441611145595459,-0.00325194048163019,-0.00519645503038853,-0.00746428980296206,-0.0103508798120352,-0.0113067710826679,-0.0168337315758396,-0.0130711154414522
"q_3",-0.00113417060789382,-0.000907362128534446,-0.001446000171306,-0.00182702915360909,-0.00193100406537129,-0.00113069634775055,-0.00119749186104855,-0.00227552746609873,-7.11644175956748e-05,0.00106426257042891,0.00322727908093687,-3.72018736831308e-05,0.00158439359636156,0.00316415385212551,0.00533554557355642,0.00228364120693521
"q_4",-0.00156026634367314,-0.00111956680601788,-0.00111071062465527,0.00204444095485055,0.00222693400344307,0.00179286433940523,0.000444469674321595,0.00891385843392949,0.00975246892732391,0.00662248743378685,0.0117167585300145,0.0108576273015687,0.00609337639942049,0.00358450659752532,0.00471638287716402,0.00657578919556447
"q_5",-0.000632374276720985,-0.00170094636295185,-0.0018477188093084,-0.00219451581244464,-0.00287509535015542,0.000990567582084052,0.00232486850792342,0.00234632392578084,0.00291182956427758,0.00600988843676883,0.00941691812838501,0.010174005171339,0.0103428947251759,0.00824175336298619,0.0100973839226379,0.0130427685568612
"q_6",-0.00048583615633967,-0.00164223368585173,-0.00121028720079927,-0.00182075454848376,-0.00117871445379609,-0.00161927615488425,-0.00181305371847425,-0.00170823404716194,-0.00201551632292953,-0.00403255161177095,-0.00298427235900355,-0.00434274879999694,-0.00474884732783894,-0.00378132530895251,-0.00585305847208308,-0.00658883685536404
"q_7",-0.00163408948408907,-0.0013102719579069,-0.000737984108404106,-0.000990451252747535,-0.000219458031046134,-0.000347145994193389,-0.000165223718824015,0.00112781076467352,0.00233805405466449,-0.000178781764141107,0.00237051085802921,-0.000502684536445598,0.000912053387271347,0.000688463372241742,0.00046206065812082,-0.000748736572109284
"q_8",-0.00167364007596286,-0.00103575989137061,-0.00151066998736472,-0.00250192141854066,-0.00203899138125662,-0.00386826549423558,-0.00110618663948315,0.000610985950400552,-0.000865804399930097,-0.0037823064043239,-0.00222007153551107,-0.00523635070552884,-0.00614559325003078,-0.00826820921304001,-0.0116266278698641,-0.0108388929221671
"q_9",-0.00295810815884022,-0.000589385028930362,-0.0013674700910373,-0.00259988480740626,-0.00111318101083747,-0.00417070391972167,-0.00529677094867325,-0.00340553671699651,-0.00190501194933725,-0.00586400754096308,-0.00914317299423356,-0.0121570699683545,-0.0175086277090778,-0.0168540324321275,-0.0222533127425121,-0.0238043428754266
"q_10",0.001570515281611,0.000505776011471009,0.000736830579066475,0.00153005607721738,0.000641432879811243,0.000913084486283531,-0.00150056360251052,-0.00145896435520878,-0.00183209331180814,-0.00117744857597349,-0.0039460332871383,-0.00225761953808088,-0.000390593066679934,0.00130573473921215,-0.00249262046810017,-0.00084405843104471
"q_11",-0.00351663007238516,-0.00934560749559657,-0.00621825682879416,-0.0036032696413515,-0.00671594944267356,-0.000278625960725853,-0.00104141461556182,-0.00510756068301388,-0.00781000609902024,-0.000753677700037337,-0.0100582109599253,-0.00388920812268245,-0.00500662645903181,-0.00456134985321016,-0.00202892064832676,-0.00871371759059738
"q_2",-0.00412577785594553,-0.00479950744502089,-0.00492086320437122,-0.00309313772846959,-0.00266382202372887,-0.00416625105120968,-0.00345333275158082,-0.00207435354866164,-0.000854303903042956,-9.79240894962843e-05,-0.000114770110957605,0.000503430284634708,0.00388600047607278,0.00463246602253928,0.0067408683218641,0.00216791686450427
"q_3",-4.77518825349148e-05,0.000841668254448315,0.000347213441751695,-0.000147986624047756,-0.000699299647619871,-0.00106436548600871,-0.0017252301042714,-0.0013583376960963,-0.0014383027707395,7.39044097779074e-05,-0.000328478604564982,-0.000231753088960408,-0.000929815378206414,-0.00316506922932941,-0.00432547701545442,-0.00294483272408463
"q_4",0.00317524461628376,0.00296327677691694,0.00272343170227394,0.00360027274326372,0.00333564179241041,0.00448886124509393,0.00457810438514915,0.00576340739057006,0.0059256048083069,0.00677872848966576,0.0107509680838274,0.00640091552903642,0.00779443297445218,0.00592038861862749,0.0041539680767598,0.00632454259870358
"q_5",0.00124206648270708,0.00141533690265672,0.000633598285033027,0.00143062718759533,0.00205792902480891,0.00181732900020614,0.00190235167619608,0.00172596508657579,0.000647778018809058,0.0010590121652593,0.00100502451052687,-0.000667722323756087,-8.21283923052729e-05,-5.0008300365667e-05,0.00136858664457195,0.0026180026183913
"q_6",2.53920233506977e-05,0.000407799160956718,0.000149003196120432,-0.000112035589266704,-0.000441319426873837,-0.000557600057036732,-0.000326939600290902,-0.000528440926655411,-0.000754136847713964,-0.000836472258230073,-0.000672823112797971,-0.000627633967289524,-0.000135451309855358,0.000159773259487905,0.000146018520610624,-0.000714610869502604
"q_7",4.90062076441245e-05,0.000452843150863369,-9.4289699776267e-05,-0.000441770542467498,-0.000765874424050273,-0.00112927258457398,-0.000801349014051286,-0.000669266407570309,0.0001317852875858,0.000192721531465974,0.000930936211178895,0.000221242361642242,0.0010317651391479,0.000805806871053555,0.000863211264278763,-0.00280290206214821
"q_8",0.00221453810833932,0.00246309193091153,0.00302606136666864,0.00322968168186033,0.00277618477569072,0.002633723721982,0.00272011060852734,3.64583405846894e-05,-0.000909975524224463,-0.000840400986672179,6.98048020603815e-05,-0.00096374546176139,0.000681830498893574,1.37655569511169e-05,-0.0015030899313654,-0.00338681245119148
"q_9",0.000972921342975287,0.00105221096093403,-2.98283310374051e-05,-8.80029104668604e-05,-7.25887680047532e-05,-0.000352809197232355,0.000688042184220068,2.800482593631e-05,0.000597026530100203,0.000904686052994743,0.000978284089822549,-0.00133575865237984,0.00176028198955044,0.00166999783831929,0.00242419574392148,0.0014070983358028
"q_10",-0.00109315614699834,-0.00139114215886031,-0.0016633801473486,-0.000924191236339873,-0.00119475426639128,-0.000928312225173016,-0.000983295419659141,-0.00175985772826224,-0.00183778254182324,-0.00170423449703977,-0.00110981602470918,-1.25400826941777e-05,-0.000515893156455256,0.000610551411287143,0.000125136434647783,0.00200744203783044
"q_11",2.47723232132932e-05,0.000549703403514578,0.00201950824640387,0.000627821579225487,0.000773773363557106,0.0025732053842515,0.000263497723297285,4.81066543692362e-05,0.000720825105902135,-0.00044661213809556,-0.00129597795352672,-0.00138915255203908,-0.000694894079623474,-0.000943998776307622,0.000477927915541552,0.00660617623299226
"q_2",-0.000180004107654935,0.000461826008877983,0.000257466406207637,-0.00053000168049573,-0.000853254976681309,-0.001604427319872,-0.00153148208598776,-0.00262989605533212,-0.00263198788097007,-0.00391753180422602,-0.00171440389413745,-0.00111615091153279,-0.00222234048768698,-0.00282630728735174,-0.00203219464302223,0.000128367299077223
"q_3",-0.000196251058239811,-0.00012184925244496,0.000168256114986938,-6.50682113378552e-05,8.73102648947717e-07,0.000177163572797266,0.000252680854827168,0.000207540476478948,-9.76784253499246e-05,-8.05505485900284e-06,-0.000548713936486439,-0.000234555062378539,-0.00013682099037891,0.000852258895135617,0.000903651688188306,0.0019505546127064
"q_4",-0.000333908799536912,-9.12714922860398e-05,-0.000436485555164347,-0.00144695603960247,-0.00202573379941637,-0.00188081237657707,-0.00165563112922399,-0.00251235871400932,-0.00225619211257103,-0.00133484471570056,-0.00415084291515765,-0.00127565459030613,-0.00214967687103469,-0.000968425764027075,-0.00212510463719349,-0.000896940652556361
"q_5",-0.000298479668809766,-0.000291110356103192,0.000492847221100891,0.00106384511170614,0.000524655969646334,0.00137875495376639,0.00148337676749626,0.00099534686628114,0.00123283114230548,0.00103012984978171,0.000184671622473785,0.00071072380018373,0.00161534740798904,0.00156700996315641,0.000928386756387103,-0.000144635579874887
"q_6",-0.00037581219872347,-0.000569953216775355,-0.000234188786064151,-0.000369276023336474,-0.000258969038552668,-8.8694203142669e-05,-0.000365500755633153,-0.000284429304033462,3.83368785346199e-05,3.1805099101069e-06,-0.000339063458663069,-0.000424278389946617,-0.000736273717721773,-0.000987584170259168,-0.000637692354957131,-0.000297062612578789
"q_7",-0.000401301182593172,-0.000309432236460147,-6.7481932493022e-06,-1.17699391432746e-05,6.40614759554632e-05,0.000217079541455063,5.26515901050068e-06,6.93468942780961e-05,-0.000999036899554078,-0.000989072429311397,-0.00156405726111973,-0.000948772254141617,-0.000756223141990055,-0.000143133650933872,-0.000718894785380871,0.000662167367995582
"q_8",-0.000604860352001545,-0.000174902767567434,-0.000410567285650181,-0.000121941183195789,0.000323386407569148,0.00127045943241283,0.00135642189287332,0.00252688253183218,0.00303206559290711,0.00345903937473475,0.00256169304641845,0.00244573158656402,0.00168081919151063,0.0014771179668703,0.00161686354230667,0.0024436346262492
"q_9",0.000668809237239183,0.000463448381157534,0.000887833223153563,0.000768795360466061,-0.000176399866758911,0.00052631401562279,0.000937783587408772,0.00113222339905369,-0.000563858487100558,8.53661446580146e-05,-3.23027918863706e-05,0.00120697294970317,-0.000815864590968245,-0.00200715079131263,-0.00251767909652313,0.00123848514211701
"q_10",0.000439857227462089,0.000437523348956858,0.00055029021190519,0.000285463039175107,0.000576350752885534,0.000604232265328644,0.000785337905700174,0.000921813397458314,0.00100043827113428,0.000778911466979597,0.00115315084087559,0.00122564490941644,0.000584095305532353,0.000688944214396706,0.00141398133809402,0.000483952234613396
"q_11",0.000546137696051557,0.000628348091753951,0.000769628241809742,0.00179493581582698,0.00141088687058314,8.16910893984481e-05,0.00157448341431677,0.0015002629067097,0.00153773058924064,0.00112361363446642,0.00278393483809209,0.000828525896026293,0.000353941872655324,-0.000373564622065939,-0.00103325273610085,-0.00653102800437761
"q_2",-0.0377897644666426,-0.0356905406095874,-0.0383888551300278,-0.039052594802751,-0.0377793598970815,-0.0336725063282147,-0.035602324298313,-0.0367836301571836,-0.0450782587738603,-0.0557132179618727,-0.0530904671431421,-0.062373637948895,-0.0625206778951503,-0.0590900856797148,-0.0575137968981253,-0.0600362221776879
"q_3",-0.000277105180549956,0.00203916238256432,0.000861266647330679,-0.00128283247700469,-0.00195213856761937,-0.00361082874800769,-0.00666104461960878,-0.00509188765297735,-0.00503199021138599,-0.00372584658311262,-0.00391168285502226,-0.00741656593381076,-0.00522009535596063,-0.00382939505294052,-0.00691900796777242,-0.0095397716578786
"q_4",0.00381350500024615,0.00643739116511225,0.00553654610144867,0.00281091104699218,-0.000144629752868969,0.00390322478955681,-0.000924194252607815,-0.00292627759386559,-0.00630072567520577,-0.00154388477095704,-0.00036213170100615,0.00914820561942965,0.0102903770485178,0.0175226091648291,0.0176093187751889,0.00158188458486603
"q_5",-0.000732186433065585,0.00140216246788391,0.000104767049945688,-0.00139250082040707,-0.00420460827929872,-0.00614359322035196,-0.00574120629843419,-0.00687023295881413,-0.00876702750621585,-0.0111730243094228,-0.011286300116699,-0.0113405966962145,-0.00911402402081857,-0.00113651000529715,-0.00120436080683256,-0.00131987257410898
"q_6",0.00359800824760926,0.00638049154813972,0.00668187259020564,0.00647643466995994,0.00682439028762163,0.00716412405109608,0.00817558880094535,0.00882925912055107,0.00817092757585725,0.00883257747251443,0.00991097085018095,0.011525296488089,0.0118235148540684,0.0106332043515557,0.0120407985147069,0.0128673269726714
"q_7",3.64595010211699e-05,0.00154523872699429,0.000288351576426412,0.000332332882485262,-0.00019090368833074,0.000611335838494901,-0.000724343002826749,-0.00100145722434528,-0.00304257455674351,-0.00347091730973833,-0.00321341991978103,-0.00572952045793509,-0.00606848948037122,-0.00468752121184817,-0.00200257682529532,0.00304146563944139
"q_8",-0.00379713590603794,0.000831466562314709,0.00211489247499326,0.00444337908271593,0.00557482560131909,0.00153014981847816,-0.000820662192127245,-0.00110815687078934,-0.00103184492944099,-0.00180581834707859,-0.00385354248488359,-0.00382613948704021,-0.00348761507948125,-0.00212030154573605,0.00169780462644382,0.00255181543011295
"q_9",-0.00544866243884264,3.60873884964225e-05,-0.00451418360310658,-0.00683287588124197,-0.0113934224571197,-0.0111560388001127,-0.0151392910001713,-0.0135221113864736,-0.0141020093444814,-0.0157412062594893,-0.0171907788516759,-0.0192590962443058,-0.0198869853215232,-0.0192451649420397,-0.0113053863676625,-0.00666015480934764
"q_10",0.000492191448792115,0.00215549696206558,0.00234285694518312,0.00288849251346525,0.00226310076468214,0.00195170689467362,0.000444761216334374,0.0015903659907859,0.00405447143451676,0.00657458469595832,0.00652256797989993,0.00875139844322978,0.00892431260464661,0.00855384836025867,0.0057783959461107,-0.000163225703245971
"q_11",-0.00070959031048342,0.00183378626400559,0.00674276472915236,0.00533682929879694,0.00971056615265191,0.00734068030501709,0.00754573325734689,0.00609060204371503,0.0128912427399978,0.0136303984080925,0.00886418747203759,0.0122279913549194,0.00865511710788439,0.00286858091381733,-0.00165366324307465,-0.008986570071639
"q_2",0.00887440589047248,0.010545125651069,0.0119058574380857,0.0125942141051601,0.0128201322472741,0.0146055830998294,0.0128560638236024,0.0114667507977822,0.0141540242228207,0.0129695894647056,0.0129413080090011,0.0152843661576627,0.0194410027162711,0.0108215651674532,0.0192149405073636,0.0274100196961769
"q_3",-0.000414354191753814,-0.00147543839890239,-0.00154016191223628,-0.00109631407295591,-0.000472002154123747,-0.00111715134509591,-0.00133549935352887,-0.00112196459403184,-0.00131508470119745,-0.00154693800299921,0.00330177651163904,0.00280778303317683,0.00608509559592837,0.00588771503959276,0.00275129438479446,-0.00166995078824388
"q_4",-0.00860718980727915,-0.00708814804295893,-0.00445480524907561,-0.00520535347381469,-0.00674105092470997,-0.00795534872375634,-0.0102383625965555,-0.0112706243201062,-0.0145331659218386,-0.0206297254551084,-0.0200702401569361,-0.021021028499212,-0.0235725285968888,-0.0310716685516479,-0.0284786647755674,-0.022968855784849
"q_5",-0.00379009849221684,-0.0025376849784931,-0.00286838449904254,-0.0032530104810148,-0.0030938036719471,-0.00279883317441617,-0.00316768047079694,-0.00521620326425818,-0.00487555758612097,-0.00480259147856125,-0.00489647097345615,-0.00207432535677094,0.00213103733248523,0.00161783614464726,0.00280139843203276,0.00164121397647155
"q_6",0.00174056968643424,0.00159526736798781,0.00158134199261732,0.00255987394527365,0.00285406546993257,0.00222175880646835,0.00342839366891472,0.00342447837289374,0.00318053338175122,0.00327209901541397,0.00417898312347479,0.00394227875193605,0.0051305101861988,0.0050053393737825,0.00732539959564079,0.00651074079767043
"q_7",0.00110311048931326,0.000909457912996134,0.00123076601915878,-4.66375417168725e-05,0.000692969374408886,0.000684907752371476,0.00107172104020376,0.00115461344965688,-3.90985838054845e-06,0.000916314923682963,0.000997016645125633,0.00140657773684395,0.00271449176317296,0.00290889291853409,0.00544245973421441,0.00474515919900573
"q_8",-0.00481900979825988,-0.0049481517861918,-0.00579822839598603,-0.00595185697804229,-0.00521457047019577,-0.00852363287749002,-0.0102642184211409,-0.011452211354095,-0.00911742118266165,-0.0118480140047577,-0.0136775933358846,-0.0143948595945877,-0.0151165554984415,-0.0142534734626739,-0.0141213477321493,-0.0146170198990657
"q_9",-0.00403694830184722,-0.00664935084051613,-0.00280026277954027,-0.00258277828913502,-0.00387311483100236,-0.00507802805783498,-0.00502078998623151,-0.00361785185073636,-0.00487697984920113,-0.00609624828781105,-0.00392961471889439,-0.00187664524388958,-0.00265215758034436,-0.00513991547928635,-0.00298986374030655,-0.000767169315341086
"q_10",-0.000592078919648829,-0.000858867910090294,-0.0011102000255729,-0.000995148974698879,-0.000813199593024645,-0.00238852121353882,-0.00265458135857184,-0.002608223896366,-0.00216670043971832,-0.000592620116152218,0.000873081453414912,0.00087664033062682,0.000356894134687023,0.000708759317353534,-0.000178473732235228,-0.00365925436902358
"q_11",-0.00534913808293798,-0.00650114101320749,-0.00926033212865115,-0.0103066559643483,-0.00833154273564575,-0.00824355938734034,-0.00918029213444535,-0.0089297720763989,-0.00716898366438888,-0.00685235384227521,-0.00791425260111188,-0.00372713962715252,-0.00130623831496803,0.00344636646987242,-0.00459435075180347,-0.00479720448333165
"",-0.278144540948396,-0.397210543991161,-0.970756707238147,-0.943947346160943,-0.956952479915553,-0.903553294136076,-0.35669250743998,-2.68582204678055,0.28479824454941,1.4652581492929,-1.20945978207447,-1.18848022104467,-1.33765937671909,-0.445507791655152,0.235912411001657,1.62802896425686
"util",0.0132326343517499,0.238262306230242,1.26605216568434,1.20501868547249,1.21871501000376,1.49144387413662,0.363304483512005,4.8251943850503,-1.03078947478343,-3.32494271092036,1.87330847576739,2.14534298850366,2.77023661020074,1.08208281931615,0.390850449901534,-2.57444803684512
"util",0.00406795769826677,-0.158334386398068,-0.763389511855462,-0.720207714386149,-0.725189323231929,-0.959822108990587,-0.285966606688233,-3.19505229057355,0.617010483672492,2.18981675721036,-1.25255912016088,-1.4974067198265,-1.89898230780749,-0.70643415172317,-0.271722736327195,1.68243573019897
"util",-0.000863683514016077,0.0360424179258609,0.149225026428066,0.141441388734897,0.145099992804996,0.19692944886402,0.0683509609573991,0.69228419197428,-0.131152288045255,-0.490758726744475,0.274240927898788,0.336058833533786,0.416740972774865,0.150096365213336,0.045835531942523,-0.36864839181426
"Z1",0.0976857718620611,0.15821945385148,0.154480736178344,0.178414131303714,0.196181484022308,0.0901469250122845,0.16539549346642,0.218340068441683,0.250587483779387,0.0512723502819786,0.124515453786119,0.121123317960304,-0.0149561181810139,-0.0348867185573355,-0.271121035556306,-0.0843101701814333
"Z2",-0.0635625438304328,-0.0823175387269494,-0.0022098413226021,-0.0608283330536831,-0.0838640980991807,-0.0810027161712568,-0.109857502656078,-0.119713055400754,-0.226880498592515,0.110038637905889,0.0818803445729275,-0.0494645086243551,0.0647155445936268,-0.0152967855379263,0.0402105822655483,-0.112133899094391
"Z3",0.017273044452573,0.0252415032970563,0.00675306911703012,0.0212974377018583,0.0201047235209394,0.0260694062188162,0.0262976518453134,0.0303889521718048,0.0443442892559723,-0.0100526710348184,-0.0134985801106802,0.0131241797998963,-0.0105195309455109,0.0107521453940388,0.0144374213489364,0.0322358648383714
"Z4",-0.00557504823090489,-0.0375924829834703,-0.0633615491505404,0.000143642347444095,-0.00299245566957248,0.158134245325416,0.00273747707809728,0.0296276897548504,0.127196388012387,0.0877414094246956,0.123353952652955,0.154764637512727,0.324691548133623,0.349044179173053,0.485275274309087,0.159992384068771
"Z5",-0.0703537520278414,-0.093068886454734,-0.05217249471952,-0.0817530282345807,-0.108414286836772,-0.0821435745000285,-0.144355747606875,-0.103234123456994,-0.143467117948472,-0.0139669637539324,-0.0618473486466783,0.0281673422217845,0.00663670278937869,-0.0268497705327023,0.182179474508365,0.163954360913172
"Z6",-0.000173647816154528,0.00811674141508032,0.0191622982316196,0.00839630601083774,0.01561065705302,-0.012365980471608,0.0194345746418265,0.0161646798042437,-0.00360884340636458,-5.5205048903184e-05,-0.00544225222633786,-0.00170128712160009,-0.0516258012358728,-0.0546399853767025,-0.0813153427168707,-0.0138429510962313
"Z7",-0.0114941289700786,-0.0222912860404958,-0.0188164930359988,-0.0266249086525965,-0.025219941225738,-0.0177063819738626,-0.0275172744016406,-0.0365596441584407,-0.0408767702482072,-0.00818062120181528,-0.0139686879739374,-0.019925824323198,0.00540811495993145,0.000137338321310322,0.0220715801330832,-0.000564291031360426
"Z8",0.105238865675894,0.105685701578143,0.0900638151413176,0.101344224519169,0.0941663003888338,0.0283636868584239,0.058006351902095,0.217776272490672,0.169744365483631,0.0319974586699663,0.0897937983744837,0.118063878811592,0.143781364210555,0.211094070584429,0.163241957127401,0.101126954797822
"Z9",-0.0396488086716562,-0.00360104764339977,-0.11514462400535,-0.0321682580985969,-0.0563675073325718,-0.0638241015727081,0.0176710909700028,-0.0275925589182222,-0.0171057502529743,0.00583189590493726,0.0509392660413628,0.00746776351233505,-0.0665775947635962,0.0679399745393427,-0.0287342519874625,-0.0762582559098456
"Z1",0.0140414082604103,-0.0112638015637521,-0.001323604474894,-0.0124934388951573,-0.0279718934119818,0.0110914153023251,-0.0253356384139821,-0.0220370798760248,-0.0230237313921357,0.0553342188240847,0.0129948017049424,0.00973363655958637,0.0460121080479055,0.0100785654945989,0.0674259892184166,-0.000264281663088582
"Z2",0.00128893857813581,0.0309096912458243,0.00602168834440218,0.0280447476716473,0.0325774048771884,0.00323913367837249,0.0280486523246368,0.0254123243874153,0.0788561203266017,-0.0741345169020007,-0.0696479067931268,-0.0193111536858218,-0.0807486594120151,-0.0259025416115071,-0.0263622868931975,0.0307769698396053
"Z3",-0.000917147211298892,-0.00769962170753494,-0.0016492927583155,-0.00668552735682465,-0.00603846934603531,-0.00343449615395418,-0.00593487251156932,-0.00683833634885007,-0.0136502285429658,0.0114872554968571,0.0143804917543543,0.00519871836206299,0.0189273522909104,0.00255113014409288,-0.000434331057855359,-0.00668331067357749
"Z4",-0.0155750854226515,-0.0152961959616015,0.00362345837619708,-0.0167284215175168,0.00843976540934763,-0.0382269588298272,0.0388887169064835,0.00962235070850676,-0.057723797430938,-0.0203333585329859,-0.0013164997187446,0.0169914344299158,-0.0341678819674173,-0.0175143242803165,-0.0525596868706899,0.0384039699996805
"Z5",-0.000204245199118085,0.0119853254297781,-0.00266964977357948,0.00382422915516403,0.0166447982600611,0.0104670789420265,0.0280140064725905,0.00196157924637606,0.0245886576460362,-0.0273726764914675,0.0216424962005221,-0.0361218677668147,-0.00182061169039586,0.014257562506112,-0.0554968094896823,-0.0515808833067847
"Z6",0.00318414265887264,0.00330833351341943,-0.00243308077493199,0.00155065093160783,-0.0055582694489509,0.00309464927613628,-0.0124332675940314,-0.00737826159917289,0.00703819751205496,0.00305521434312499,-0.00120557784922236,-0.0126824105639513,0.00780627005102437,9.17736462509846e-05,0.00786224646635018,-0.0114335881988905
"Z7",-0.0015395611900113,0.00237540050121121,0.00082354714657766,0.00354776165313695,0.00414710330722514,0.000877490955543888,0.00653430397717821,0.00712599221557837,0.00659578727794746,-0.00712870684749138,-0.00256244535323164,0.00102055764301255,-0.00950623577711656,0.000701388102838175,-0.00540731781113584,0.00201413498210223
"Z8",-0.00988354755889317,-0.00667489688724794,-0.0148311570288969,-0.0296806163162473,-0.0348375665349134,-0.00600191740440007,-0.011852889936372,-0.0833336752697257,-0.0672577567215791,-0.00886601809538829,-0.035639159854487,-0.0533409746945057,-0.0335107788697643,-0.0619600153756505,-0.0388276854379688,0.0310720397251677
"Z9",-0.00426803450060914,-0.0103759726469793,0.0294996962722367,-0.00154628853077203,0.0153970880986841,0.0250742204939776,0.00303288677491537,0.0274537769634207,0.0208883831180538,0.00492952035443762,-0.0243237973740124,-0.00297910126984244,0.0420634462094458,-0.0232929513017223,-0.000243631226941751,0.0171201831380689
"q_3",-0.0960663316709461,-0.0938959205543918,-0.0916431755232158,-0.0961286134180016,-0.0905305657600244,-0.0898652168036541,-0.0888260059098102,-0.0981975917317886,-0.0971736858166319,-0.0959669272975756,-0.0986598886647303,-0.0989404553443525,-0.111170542712712,-0.118697649228365,-0.12656167447361,-0.133083186227066
"q_4",0.00206761876765226,-0.0127676096689516,-0.0102432794659627,-0.0232038721264702,-0.0333770007336194,-0.0119058722813261,-0.0149738171801157,-0.0182505745091921,-0.0214949050330505,-0.0164563117974766,0.00561918845444932,0.00756152802028818,0.0414443697732889,0.0190296500000544,0.0400945424256127,0.0520762476646181
"q_5",-0.0114797531323815,-0.00859050698789557,-0.0114134509264347,-0.00500812353272381,-0.00844758148807706,-0.0177690186247532,-0.0178475993768569,-0.013009972894612,-0.0231284092984633,-0.0171197938565369,-0.0124811292862684,-0.0139406664413927,-0.0125897039514496,-0.0124539108225321,0.0106376115889384,0.00957587442640958
"q_6",0.00112298616221641,0.000858678706070263,-0.000696152690816528,0.0006304266735399,-0.00020258526228307,-3.39281882786417e-06,-0.0034298549800658,-0.00644088358045106,-0.00712239409412441,-0.0018417758019586,-0.00656690141820661,-0.00518157116098796,-0.0097430817900516,-0.00245973488843574,-0.00192543596309507,-0.00533421420877998
"q_7",-0.00227169507352642,-0.00512476348466018,-0.00475217406266766,-0.00403456138030742,-0.00665286720573942,-0.00320934438861257,-0.00957759051078843,-0.0101567661733092,-0.0125107820583163,-0.00530067551455632,-0.00754508642080496,0.00224414124015622,0.011355038461913,0.0196274281007058,0.0384352918304696,0.0356020953761894
"q_8",-0.0134472695488601,-0.0148149666288396,-0.016926756413583,-0.0114222609914348,-0.00987569732771833,-0.0130676251185859,-0.0165132087358634,-0.0152440534323912,-0.0185846853387453,-0.0206744752721487,-0.0165886000989595,-0.0118058561313789,-0.00385004615647615,0.00237361164388313,0.00421226139045359,-0.0150562247478546
"q_9",0.0135384336290643,0.00677609488974918,-0.00030281633208356,0.00231516898049491,0.00435071971734578,0.017850443874537,0.00791807657488635,-0.000764102045538407,0.00306954825643576,0.012644458617071,0.00259247117671739,0.00612369203246447,0.027470762187542,0.0248969650361174,0.03413105557378,0.0543612958308793
"q_10",0.00525242275838506,0.00445912945140273,0.00539143481820333,0.00404165729689625,0.00535621717447478,0.000158964083980734,-0.000212086624682482,-0.000959267374072973,-0.00466351720226426,-0.00382258079560893,-0.00779440742470465,-0.00879174566279087,-0.0115612045907108,-0.00994940596746304,-0.0424264343204885,-0.0383040015107475
"q_11",0.0103097419898048,0.0108322021406961,0.00732436907787324,0.00268943904235607,0.00071864745225134,-0.0144456360908122,-0.00860099740030305,-0.00554274886470335,-0.0114194575704078,-0.0247387619733375,-0.018787691603601,-0.0462313406102333,-0.0468937972135353,-0.0957281255991619,-0.141461653584533,-0.0980600689120611
"q_3",0.0375709483431438,0.0321373379139289,0.0336567803745378,0.0355328555781028,0.0302648057027113,0.0290796497348826,0.0288601393133777,0.0335650821596395,0.0290010909108116,0.0285619208842333,0.0289241649931749,0.033337909659798,0.0393674574720442,0.0471886934280863,0.0437857916966582,0.039767240374973
"q_4",0.00596437235386798,0.00719120523453677,0.00742642857431572,0.0144173414006189,0.020732337011249,0.0100586319520722,0.010299936587079,0.0141110163808609,0.0190166722838904,0.0245155213212748,0.0042746286211645,0.0171483559435896,-0.00598971795319793,0.0134657626338093,0.00309866163665179,-0.0112110613784964
"q_5",0.0124509091916256,0.00795281722312013,0.0118239538144166,0.0100502170948226,0.0121421132840819,0.0181665483198524,0.016158278029893,0.0126715621963426,0.0165230681117538,0.0104553551931837,0.00648420196132187,0.0125525685681671,0.0154490179907678,0.0109359650935469,0.00147654549762717,0.00459706624174533
"q_6",0.00525452579847319,0.00597765712623642,0.00620029070518138,0.005291882678235,0.00776347832036632,0.00744954827395839,0.0106824819738607,0.0114394828352012,0.0130161061486046,0.00868325037321048,0.0143868792154696,0.0130965401700908,0.0161916291867972,0.0127025435548606,0.0146652704911196,0.0188595547969652
"q_7",0.00272337565149094,0.00391174473914933,0.00268788750478003,0.00251449929764461,0.0039378890286499,0.00065966464992007,0.00219863632343621,0.00490085899119331,0.00677541214720898,0.000916340064735502,0.00299132357785798,-0.000560531584561289,-0.00430782201268821,-0.00964947359682483,-0.0235858529625008,-0.0174962740112941
"q_8",0.00530054747965875,0.00542936327388268,0.00695266766235532,0.00423180218297513,0.00627142332313461,0.0100580152827673,0.0100150355673266,0.0118034631414284,0.0139155847436665,0.0154418200013727,0.0138339614578456,0.00922747150081086,0.00869276860692673,0.00373899272766954,0.00302802386691937,0.0164137198347093
"q_9",0.00427542496243775,0.00193216071330397,0.00623813498088356,0.00542431999926259,0.00281283159990957,0.0010153688626482,0.00492010105617789,0.0083266678615018,0.0115491702359301,-0.00136842653967272,0.00562513633359525,0.0114714860840093,-0.0120255300539158,-0.0103839512685643,-0.0118044739018913,-0.0130243990047166
"q_10",0.00112423169239435,0.00202314120301927,0.0024469095423031,0.00364535174484498,0.00292111660290999,0.00491612978878385,0.00577581618649011,0.00373506555378382,0.00267268582069376,0.00227285527782883,0.00589521412604419,0.00835014420279659,0.0120140870886371,0.0114186743301207,0.0270672577105372,0.0274616211386393
"q_11",0.00843161989416341,0.0102901613097147,0.0129171549283256,0.0146827932552463,0.0164036599681229,0.0269432711516497,0.0251974325989951,0.0213217118623609,0.0197645153486702,0.0386986823638049,0.0397547306684084,0.0502536599441448,0.037705323361597,0.0703590242752175,0.0926445886477285,0.0709365721475294
"q_3",-0.00797171599810876,-0.00534731519200144,-0.00626872141298877,-0.00698485582988873,-0.00325867351852358,-0.00373629594620173,-0.00597217887527343,-0.00475032844895466,-0.00216128381989913,-0.00422768047516389,0.000943255452160367,-0.00876374124498171,-0.00805034469995791,-0.0177077781414847,-0.00352758639776907,0.000530641687115746
"q_4",-0.00525938447887225,-0.000224474108234912,-0.00553118377836514,-0.00944082082464857,-0.012098024052541,-0.0150695775784082,-0.01660697618201,-0.0155258051877674,-0.0116586166422027,-0.0239440411353379,-0.00474932578753235,-0.0177596765506329,0.00305686390654675,-0.0137012568530378,-0.0108528841905336,-0.00507658415446505
"q_5",-0.00130639297259088,0.00348336792804801,0.000614201344748013,-0.00381441457951868,-0.00537541286169994,-0.00352460870167365,-0.000998638308819182,-0.00019658675585074,-0.00300492947385635,-0.0019601434660683,-0.00068075859337627,-0.00479229118483416,-0.0161240029830596,-0.00894558599781112,-0.0110319084802161,-0.0223192426869899
"q_6",-0.00166202233798868,-0.00413481107026832,-0.00213521325213958,-0.000502688233222194,-0.00334252710055007,-0.0024547026262202,-0.00629217941694351,-0.00376413327882199,-0.00428236324918603,-0.00174642492759855,-0.00741802640954179,-0.00563213247294276,-0.00597058148835293,-0.00666448840048209,-0.0108715434539296,-0.0136002936718278
"q_7",0.00219848554269074,-0.000424120081118353,0.00223474523309814,0.00169126378575908,0.00136663128949224,0.00220626519686019,0.00539977498732556,0.00115019983430115,0.000194735912038754,0.00913551243335981,0.0060934588330538,0.00472980440835993,0.00637668936818767,0.00341604282996594,0.0125514954936083,0.00529089639688501
"q_8",-0.0015407306890646,-0.00462997753135374,-0.00419240782520744,-0.00280359541194369,-0.00689942017907578,-0.00997900321351404,-0.0070325334715212,-0.00942682814302769,-0.00963373442199394,-0.00642665576445643,-0.0107934608345037,-0.0082662924324474,-0.0141637212272635,-0.0112947893024373,-0.0134548579159732,-0.0138990425171611
"q_9",-0.00539511616415404,-0.00164046000683801,0.00088053241339564,0.00153502805593674,0.00110814736214102,-0.00958016800010014,-0.00604368408656344,-0.00521781404942619,-0.00718529831060439,0.00674873941397321,0.000870837861196873,-0.0113324536094974,0.0085638984131336,0.0134839039481268,0.0103631862553463,-0.00748000414499502
"q_10",-0.00628550363086307,-0.00708339905705709,-0.00929081791534148,-0.0100699417252007,-0.0103277723636784,-0.00982833379819353,-0.0109396978707019,-0.00405482413804543,0.000495801856993492,0.000162122641194858,-0.00144206952252281,-0.00281062401205465,-0.00677083338904887,-0.0041168927361681,-0.00980111443554085,-0.0154932523047123
"q_11",-0.00319476975810982,-0.000962425106556972,-0.0104615053860079,-0.00463249121917643,-0.00199647481848291,-0.00686621060504595,-0.00649444436939187,-0.000133378628750676,0.00894541751392377,-0.0149913931696307,-0.0227055691029918,-0.00732409874547578,0.00350931934050679,-0.00801760257079869,-0.00887234610299962,-0.0148945898593771
"q_3",0.001379816262253,0.00105069440747674,0.00128550323226667,0.00114497745575584,0.000207706487415233,0.000655153266844989,0.000556336550798867,0.000280221859628581,-0.000281906730842406,-9.43202805553828e-05,-0.001408880560817,0.000729915703474838,0.000590052404672288,0.00318303380650111,0.000677000901348113,-0.000827005938230562
"q_4",0.00043993695160772,-0.000208390843931982,0.000892130998505945,0.00191936756103228,0.00165835799773249,0.00230976674614464,0.0024112520335288,0.00169338912731122,0.000881290025644298,0.00353972962323949,-9.08785970262843e-05,0.0029445607354198,-0.00134688805809559,0.00180353663613946,0.00156530215787456,-0.000279952360804859
"q_5",0.00042277913496021,-0.000536251153769201,-2.26135948726807e-05,0.00090341131070178,0.00112392451480338,0.000806773989022525,0.000451120064728626,0.000431016843426008,0.000596909423436359,0.000184794957195033,0.000163616113132136,0.00127103666981886,0.00305405239509282,0.00156124103894694,0.00196156590691376,0.00422352518833738
"q_6",-0.00011210015448006,0.000632996410543418,0.000346502378909101,-1.88960265891085e-06,0.000491226012246455,0.000360972759740714,0.00106095260308024,0.000666271408414828,0.000631176548500972,0.000233255936754471,0.00124710188698279,0.000926933679550745,0.00099730622554774,0.000929256879118671,0.00178886758591931,0.00244067271999372
"q_7",-0.000447565857466052,0.000296027507632913,-0.00026397309546991,-0.000218774326038912,-0.000236079467891111,-0.000352477993320133,-0.00111885274171915,-0.000362973938099838,-0.000375943931501544,-0.00197915345832002,-0.00159342926911409,-0.00101008260712792,-0.00157724362941475,-0.000836879747354595,-0.00188843917627682,-0.000601944951431928
"q_8",0.000147067299969889,0.00105552576829809,0.000983189614675508,0.00078272323663944,0.00154993401318859,0.00229160445592,0.00156547915126141,0.00210955220762225,0.00232351327745331,0.00213757196925784,0.00353901325806504,0.00296523327193968,0.00453322788388263,0.00343628863590083,0.00307804420815659,0.00316902387532787
"q_9",0.00118322066833906,0.000917807147265979,0.00062707469033057,0.000793876763348951,0.000786186103282124,0.00295052594339291,0.00248703547436716,0.00278149977087555,0.00316207771067177,0.000784431175915298,0.00168982824484442,0.00382004582207857,0.000459810371784354,-0.000767093779732093,0.000777477361931371,0.00436302154456454
"q_10",0.00168417542396933,0.00196816903284991,0.00231488091379913,0.00230550917379247,0.00234453022320946,0.00237446775981678,0.00269183707950366,0.00132342121911268,0.000732878849359393,0.00115409351582564,0.00148313545538821,0.00181589358886429,0.00228079078979251,0.00193930581862064,0.00254382635824006,0.00334080235751897
"q_11",7.33503427984853e-05,-0.000479766420570039,0.00159318305463536,0.000254902349681222,0.00021776194995624,0.000668463101047879,0.00100001147831803,-0.00030702607639979,-0.00210176428645262,0.00156683902006028,0.00397752556009532,0.00102913932266145,-0.000559658044817603,0.001831854588206,0.000302131345350993,0.00214335147477754
"q_3",-0.00292484591159548,0.00305424829426082,0.00423337529984157,-0.000300896279044167,-0.00133937495181371,0.00229177147122338,0.0011895651411955,-0.00932647216119913,-0.00402780258153877,-0.00677043955515862,-0.0131362714229054,-0.0183142390222778,-0.0379756428759528,-0.0431934252905273,-0.0425475610829597,-0.0380113148725
"q_4",0.00012861042345576,0.000610134461048458,0.00176434633846169,0.00212330407669932,-0.000557791940801678,0.0171430243083771,0.0249043841642525,0.0224112774292204,0.00754561296661673,0.00601095951876369,0.00712394893582349,-0.0138460716266547,-0.0106696631704928,-0.0275473139555871,-0.0185479512766426,-0.0223625264603928
"q_5",-0.0140661292678816,-0.0106102297822926,-0.0151104473539907,-0.0137865933267704,-0.0156089113125147,-0.024263296028801,-0.0248054560406069,-0.0203026704957441,-0.0168171525690782,-0.00750088594610684,-0.00387859360897974,-0.0157735210917334,-0.0180874976351935,-0.00788821589234395,-0.00103795738193255,0.00494247438672626
"q_6",-0.00311084414729512,-0.00257108016280051,-0.00260424966874168,-0.00267075861912546,-0.00401435666094645,-0.00224294096601133,-0.0038967071455428,-0.00522626483774233,-0.00830968917306307,-0.00469869815448629,-0.00770617236599149,-0.00560443800699548,-0.00351829148127029,0.00026511239668041,0.000354558112098008,-0.00806070697745438
"q_7",-0.00314271857474721,-0.00191501130147749,-0.00264712904337225,-0.0024148118944995,-0.00136054617676937,0.000615141096582234,-0.00226460120116789,-0.00020789928082243,0.00242830136398322,0.00396111251527562,0.00472417800473727,0.0109528044915497,0.0105557654975668,0.0198695890638119,0.0259032370984041,0.0178759435030507
"q_8",-0.00431023131183684,-0.00243451798670226,-0.00320134285364609,0.00256914396079399,0.00381610316323753,0.0030840610643627,0.00436787537243711,0.00168112499529739,0.00393482822777288,-0.00133770216769735,0.0092682278576575,0.0201177904694969,0.030399748268733,0.0266323259450326,0.0235507962199354,0.00588996104379053
"q_9",-0.012995506712974,-0.00976616596552936,-0.00861350584719722,-0.0115532279751119,-0.00798077288753621,-0.000805978346818227,-0.00758934706077976,-0.0028356603118881,-0.00755656269379719,0.00455608164224676,0.010444120817513,0.0153514546026456,0.0367104103211349,0.0482019433826089,0.0459815057286025,0.036588983878782
"q_10",-0.00229532028373413,-0.00322260494813756,-0.0040132297825943,-0.00420070480254237,-0.00197216514544623,-0.00397825874242044,-0.00420783260718719,-0.00617721983911131,-0.0104403119884197,-0.00634811036841044,-0.00802257129377961,-0.00927792017364719,-0.0118939957498411,-0.012372821832579,-0.015496174666564,-0.0223402099550609
"q_11",-0.00683071758848212,-0.0077101520522952,-0.00619946385536554,-0.0129067104161031,-0.0201007578850151,-0.0291943297255778,-0.0178357988678655,-0.0239385197131683,-0.0262336830701265,-0.0300814045507309,-0.0248976308300401,-0.0526824869879248,-0.0351087413950346,-0.0514822382833679,-0.060516858585888,-0.0593704771337489
"q_3",-0.0115133677115007,-0.0137357208087053,-0.0150225722467834,-0.0135107577596731,-0.0180400940311125,-0.0192895377975934,-0.0227725476803571,-0.0258740657489434,-0.0264552416594026,-0.0285938799109944,-0.0276141999198233,-0.031979411061372,-0.0316622913439215,-0.0262635815205897,-0.0367041657779342,-0.0276980858327684
"q_4",-0.0157334773371044,-0.014111596205653,-0.00820175286187546,-0.00880279909597606,-0.0111377363787645,-0.0134971971691751,-0.011219152802764,-0.0102629034746166,-0.0129023039142081,-0.00886825988387523,-0.0183405727557406,-0.0175774668361511,-0.019268140191558,-0.0204330511792498,-0.0217390832208096,-0.008890636603932
"q_5",-0.00124022828186384,-0.00102531185531348,-0.00211618736871002,-0.00320798277142707,0.000600153688598172,-0.000734686467686815,-0.00277485025050401,0.00166075643769222,0.00620092628262697,0.0103577348744528,0.0084717235093263,0.0097213640208883,0.00446216357732714,0.00842825530477932,0.00728857482010561,0.00957223434500571
"q_6",-0.00532126805777359,-0.00577233390449209,-0.00529101677564385,-0.00661462683865331,-0.00536368975055423,-0.00437733046912501,-0.00618413743838085,-0.00583654098574066,-0.00939827771877495,-0.00576764277738706,-0.0079538180062087,-0.00704713567249586,-0.00599314209721033,-0.00638304180212278,-0.00636564817691727,-0.00532534820397445
"q_7",-0.00497710746855884,-0.0038084789169602,-0.00223540214612919,-0.00342418189223425,-0.0047014971721975,-0.00285691575152745,-0.00543767698296556,-0.00723251618800816,-0.00612046991481287,-0.00550444676675349,-0.00627299216262804,-0.00335869067848882,-0.00416223175633597,-0.00401438226715754,0.000172911186860956,-0.00232430654906355
"q_8",0.00185458875167847,0.00325957921123746,0.00319640928843822,0.00124459611592656,0.00268176225150338,0.00332051944466709,0.00331214309614212,-2.63749205256566e-05,0.000267040262290957,0.00433644223131129,0.00659548301326926,0.00481800327139193,0.00631407569195468,0.00713659266329194,0.00829865661405602,0.0049133869296424
"q_9",-0.00494528504791658,-0.00282996579701858,-0.00199823864568728,-0.00388597391110635,-0.00314769576307,-0.00209875034597098,-0.00531303988369578,0.00160084741317368,0.00450497834856216,0.00714986166714577,0.0133922987062609,0.0200088083222152,0.0194991359157514,0.0152128058220838,0.0327022232864033,0.0283860118084712
"q_10",0.00405436402136378,0.00604659356540118,0.00593480440760062,0.00404058727331554,0.00419167504881871,0.00421804535050532,0.00543003716963066,0.00572260811501655,0.00747775439018888,0.00770913204368832,0.012184359243735,0.0122690948670551,0.0109006865131484,0.0070917696435241,0.0120857124161596,0.0154185144195256
"q_11",-0.0109796593436975,-0.0100046470237547,-0.00958795182246875,-0.00828246852737395,-0.00816189165525402,-0.0125046659474946,-0.0106582231062294,-0.0112937933627662,-0.00451503685875802,-0.0131216650331302,-0.0116686802232977,-0.017490644251595,-0.0268592402017238,-0.0207623997909593,-0.0375598625077179,-0.0315794332884551
"q_3",0.000212873795164757,-0.00092614992825672,-0.00106837935133308,-7.28342148276766e-05,0.000265617095056113,-0.000333839479454479,0.000178157145338838,0.00198187408534817,0.00120508232601825,0.00211056273740917,0.0035190057361884,0.00496830301916508,0.00889126833609576,0.00995210944275076,0.0099122958423582,0.0087719776636592
"q_4",-0.000296459167371776,-0.000384580210541102,-0.000105966072335617,-6.25862912766745e-05,0.00108467388452942,-0.00190171061771414,-0.00269302926793451,-0.00261311254643142,-4.25623344524439e-05,-0.000323532655232131,-8.11421670757945e-05,0.00432113545056952,0.00470178260567963,0.00806635443045846,0.00646984751799042,0.00731161287242314
"q_5",0.00288584996323658,0.00203322221229166,0.00288339223385073,0.002485436313926,0.00299742177743801,0.00445799354518071,0.00453802558600855,0.00382933957583458,0.00329331872435486,0.00179101646794816,0.000794330786938246,0.00331595478880007,0.00335706932172014,0.00159296701762386,0.000434098745729027,-0.000810470883685687
"q_6",0.000703786886283468,0.000500279989276984,0.000600195118859915,0.000616756765955203,0.000945405268164175,0.000695083336464175,0.00119411494551093,0.00149099844037668,0.00194280974910902,0.00128555558198961,0.00169899155559603,0.00131255904856242,0.000802685632293169,-3.06729725249562e-05,-1.01895145613506e-05,0.00178967785601254
"q_7",0.00106635131633847,0.000856588177010273,0.00116214499644142,0.00118639905190858,0.00110150368160971,0.000758357272853484,0.00140783708258866,0.00108144925643812,0.00070610211594417,0.000485392713376227,0.000223445298499293,-0.000822207414062056,-0.000942746607841599,-0.00299127621867026,-0.00410068284782924,-0.00247574612265358
"q_8",0.000887823524059906,0.000653357823598762,0.00095613569928982,-0.000154285356957475,-0.000643709021692038,-0.00034248287385705,-0.000854354959756235,-0.000455890498877439,-0.000861411392762743,7.49136832678982e-05,-0.00161274161393007,-0.00404717549938054,-0.00660114014329216,-0.00563550386658696,-0.00526758977978847,-0.00210502599672896
"q_9",0.00303203870210034,0.00224509560164074,0.00211686684441087,0.0027915849941509,0.00251069852511377,0.0013117348088,0.00242915635874713,0.00192950572521452,0.00298376317610005,-7.11348035297195e-05,-0.00132238789506802,-0.00272860062628838,-0.00681609775753176,-0.0099058131300647,-0.00906375041938941,-0.0074027677203763
"q_10",0.00069234278349382,0.000785118062409835,0.000950640002859218,0.00100605690027713,0.000523192233126789,0.000926265410872447,0.00084121837729655,0.00115772175606669,0.00192078346066867,0.00121172563914184,0.0013050525688905,0.00121603918042555,0.00165658990207882,0.00167400122698697,0.00248654920874258,0.00335311038804027
"q_11",0.00147553901741745,0.00127287384537638,0.000657917551809602,0.00206990776241877,0.00296206444871331,0.00472765787393115,0.00210799521779221,0.00333492074844437,0.00394817078711036,0.00444285149050645,0.00312472527467164,0.00806929606226738,0.00505417647318095,0.0082662429398612,0.0102644643090723,0.0089250646415616
"q_3",-0.00309833813433565,-0.00229456484491178,-0.0025762878104705,-0.00276183318302458,-0.00198514151156697,-0.00208849612989286,-0.00204045947484306,-0.00255031850659546,-0.00178158504323638,-0.00175864073320763,-0.00161784675706946,-0.00271508907241625,-0.00357341457194039,-0.00518561713047125,-0.00446489599283104,-0.00325156914636538
"q_4",-0.000257368691527203,-0.000215123933998484,-0.000585040905785826,-0.00162371048290059,-0.00220588304138579,-0.00116189763491549,-0.00114886163604471,-0.00129985925512098,-0.00189565940665746,-0.00318946350710758,-8.25955997459294e-05,-0.00292798403932781,0.000362357453944617,-0.00280070871729047,-0.00189364978201067,0.000450877990469022
"q_5",-0.00182125952239693,-0.000939421455529982,-0.00153835292906764,-0.00149785125653789,-0.00183553481751984,-0.00255900009694564,-0.00226055380673134,-0.00188542360039612,-0.00211616863879524,-0.00126228680909993,-0.00075203450313844,-0.00195417012254907,-0.00228363045118947,-0.00138505890185196,-0.000513304687181808,-0.00115900260195653
"q_6",-0.000483138241240832,-0.000740581865521347,-0.000765404915783617,-0.000596098377830976,-0.00100188794433774,-0.000980647896151368,-0.00149371276115202,-0.00151796951725813,-0.00173193424057217,-0.00106173848947149,-0.00185138421540488,-0.00160039436623006,-0.00196006594141405,-0.00143116934784583,-0.00188218032845711,-0.00262615685443039
"q_7",-0.000338581574765883,-0.000651830266513881,-0.000409496525573033,-0.000444943544042417,-0.000548528160566603,-0.000134388904625877,-0.000143558103855422,-0.000580326704077532,-0.000801835844078611,0.000133402540453092,-8.01068537160129e-05,0.000174461848792211,0.000742449391254685,0.00130415383169854,0.00284964489740027,0.00188292518023138
"q_8",-0.000970414227774413,-0.00130702054952272,-0.00140362594153765,-0.00105544684856407,-0.00141873232070808,-0.0020441980741484,-0.00174880200842944,-0.00212416836723052,-0.00242480745431912,-0.00284443061907261,-0.0031366539479854,-0.00229371594432092,-0.00241437797652902,-0.0015083885892314,-0.00101200940052423,-0.00262353163793584
"q_9",-0.00119470878401209,-0.000867565017235376,-0.00134960379429704,-0.00156126365680688,-0.00108095003688398,-0.00144976078325783,-0.00189681028520399,-0.00246785550806182,-0.00323375895484147,-0.0010170917623846,-0.00184955440804217,-0.00265557743949941,0.000685837910692712,0.000804005891049106,7.77458689975381e-05,-0.000534299214373873
"q_10",-0.000732449833159619,-0.000922238991493604,-0.00106400913230121,-0.00112830961357292,-0.000980702269635381,-0.00127055156647199,-0.00141468258249774,-0.000943503761192479,-0.000804699607607098,-0.000955607205203269,-0.00145639833513569,-0.001930416657059,-0.00235012372019459,-0.00227023391397104,-0.00399010859110325,-0.00395125527235605
"q_11",-0.00098666899996678,-0.000828730828685919,-0.00156767918635713,-0.00136708284538319,-0.00183528863655117,-0.00285779991465226,-0.00263704636269661,-0.00193431102765481,-0.00135070393339897,-0.00416533112508474,-0.00492628022453597,-0.00586752945038278,-0.00390712664155282,-0.00829722649101905,-0.00988947738704616,-0.0079099974487235
"q_3",-0.037912048967351,-0.0306686213777064,-0.0303984166832914,-0.0308964201874783,-0.0315444050097274,-0.0342749392616588,-0.034185178456891,-0.0382260371285429,-0.0433213779493772,-0.0474291148329308,-0.046933393278734,-0.0487760565491213,-0.0471970347634791,-0.0509866417050623,-0.0538102756522601,-0.0494206346869264
"q_4",0.00547802675316043,0.00726168302512473,0.00878796745750245,0.00575017390799334,0.00789922994142894,0.00677378406038131,0.00608627456643239,0.0079890276469608,0.00353957113949174,0.00115411420083808,-0.00155801067906002,0.00829137872708378,0.00943240694616434,-0.00584040384003653,-0.0048968616398542,0.0113959792562989
"q_5",0.00663243622579352,0.00644441835808599,0.00733915343429991,0.0119784263290842,0.0113623119539419,0.0112231908910998,0.0148411912714239,0.0166035383098555,0.0190194833925499,0.0192057085746633,0.0236790024473725,0.0165608875445412,0.00731818228422412,0.0104773247376474,0.0100057325969402,0.00982947786388862
"q_6",0.000105952780035858,0.00122644237029678,0.000384804842502009,0.000335496331761893,-0.00113212732536907,-0.00132604358285372,-0.000798374886824091,-0.00170531945078282,-0.001369417539179,-0.00268724732043246,-0.00217512651659261,-0.0013743442049675,-0.00188954370826654,-0.000750200837251067,-0.00340548393910235,-0.00603377686629572
"q_7",0.00501887675798175,0.00644418355766908,0.00647201250618399,0.00639964189701434,0.00647493644609976,0.00562764328685555,0.00601392177122552,0.0073869913521232,0.00795037694617066,0.00501035244595534,0.00494199930642754,0.00434466075877393,0.00557872964868727,0.00993921974961998,0.013155092689752,0.0112487212995401
"q_8",0.00471555065272677,0.00677735694338084,0.00368372987906214,0.00242159165365529,0.00103209483418398,0.00189533785104146,0.00593675385362444,0.0101220540826616,0.0129376736139577,0.00651948941823866,0.00934852768021383,0.0117314243529809,0.0157672780539804,0.0168659029225801,0.0091450676795329,0.00829945039059838
"q_9",0.0145241090679714,0.0138980442842043,0.00984910861150536,0.0092759253378943,0.00913606105730845,0.00772242216960494,0.0133832593257338,0.0160527799557706,0.0138180784643671,0.0143068062546968,0.0181370100803042,0.0238906194861591,0.0353090014560339,0.0359994729210917,0.0384932777023806,0.0424430845726843
"q_10",0.00177754364639873,0.00154455614231141,0.00136537094431812,0.000885821304187156,0.00011325214432872,0.00200291146110052,0.00222068987126582,0.00245534620093446,0.00216683962993479,0.0062683756749337,0.00798958514785948,0.0106651975072272,0.0101205287536097,0.00683515132141567,0.00550326423646043,0.00575845515739708
"q_11",0.000716220414294514,-0.00596948427427131,-0.00434061125868108,-0.00532817989148257,-0.00697669926701089,-0.00269587823435019,-0.00737015528712893,-0.020782408445981,-0.0154872946522212,-0.00632970180216526,-0.00944386217175338,-0.0114843807367222,-0.00839489756720123,-0.015959452266665,-0.0220425996437925,-0.0326757697187905
"q_3",-0.00510006529811904,-0.00459682896455922,-0.00626927439346185,-0.00380951283611797,-0.000843734511219087,0.00145636218370649,0.00339953571286824,0.00561632069088451,0.00618086103633651,0.00787512268203785,0.00530266578391043,0.00580403450843636,0.00648869257635958,0.00829882363985887,0.0093919946389833,0.00842560126027868
"q_4",-0.00201006385635328,0.00108653507224465,0.00264762779551094,0.00512641181559145,0.00516558900395489,0.00551710896533812,0.00425112496076406,0.00243967205439728,0.000436727113001408,0.00332300573142471,0.00191001745106613,-0.00265663467404352,-0.0110748919625556,0.00203125917285718,-5.36160221937614e-05,0.00184688521426398
"q_5",-0.00322060184109773,-0.00225085101084904,-0.00162624191354056,-0.00105199014139603,-0.000499716706670726,-0.00188481291954664,-0.000943102717580774,-0.00324452626355601,-0.000662555938294821,0.00142464916364077,0.00354502301865474,-1.73557215906837e-05,0.00351602958477402,-0.00213556210802747,-0.000229688212829898,0.000394908163470505
"q_6",0.00026102922262434,0.00208978163011579,0.00174788651358441,0.00165683907812332,0.00207014390131808,0.00154250885935267,0.00359057799232939,0.00259750973498416,0.00398903184433035,0.00317471490967157,0.00178680928010744,0.00191124888431244,0.00124735171223485,-0.00195125783500641,-0.00238460837507957,-0.00241627826663572
"q_7",-0.00166913146712674,-0.000837710715212818,-0.00163927137090572,1.22984925935082e-05,-0.000934692630720635,0.00042324483761953,0.00301595087459733,0.0023985787707734,0.00295263244482426,0.000487132507221428,0.00211405707877348,0.000173421591273175,-0.00172379792887108,5.59768011838789e-05,-0.000344526555310589,-0.000774025151424741
"q_8",-0.00314682646564935,-0.000791451590182925,-0.00435817078752946,-0.00421899252698402,-0.00477568371809994,-0.0060106041790919,-0.00466543142695922,-0.00544808390234314,-0.00737481096139177,-0.00732804036183714,-0.00506078419040629,-0.00200898896855597,-0.0065467891094709,-0.00900873946297453,-0.0058059759719439,-0.00581567911251192
"q_9",-0.00472846815855194,-0.00288908969560864,-0.00426253326739034,-0.00254098571623204,-0.00239559806647755,0.000861216749377427,0.00549570311554399,0.00296722046432154,0.00367128631193395,0.0048262288619072,0.00288865543011347,-0.00121762119640228,0.00107862090847511,-0.00089382828595898,-0.0111724834416488,-0.01177828648081
"q_10",0.0011623054226958,0.000878218671321126,0.00294652281919537,0.00271047702568812,0.00230763286768758,0.00319687254193678,0.00142186925212305,0.00191195729258013,0.00310415907097136,0.00284611574355989,0.000927152778028907,0.000564788637231535,0.00189678113172849,-0.000525608223065599,0.00267833125925555,0.000127965496539196
"q_11",-0.00912916298166845,-0.00749553839057677,-0.000575865022041138,-0.00722572974949172,-0.00538213195381205,-0.00523647231119534,-0.00959603091519603,-0.0088612665014664,-0.0107947941633413,-0.00828190202847197,-0.00815160664859148,-0.0058989813604429,-0.00268725033652287,-0.0159706928619204,-0.00327528537791003,0.00191097512759397
"",-0.141139321566252,0.208425419898245,-0.133638851275751,-0.633835812585608,-0.602812084974702,-0.812135429208189,-0.498237640186177,-0.0655700280364015,-0.460286144215511,-0.316842707734643,-0.272040519715292,-1.82631394871272,1.11584945998185,0.363335947350182,-0.530785896319923,0.309805174868161
"util",-0.036676343546814,-0.411030190985024,0.150055876373082,0.8663524864907,0.974778025637561,1.33404355220107,0.841220583352129,-0.111671587999379,0.803046558934135,0.561617457040861,0.601616848805894,3.89258443266147,-2.12538653159397,-0.22330980319529,1.692935691117,-0.187240338376735
"util",0.0138373040435117,0.171612156392152,-0.15347388193619,-0.548171959010009,-0.662451533046279,-0.876502661924204,-0.600799653102512,0.000220151839556268,-0.627565085393542,-0.457376531878343,-0.473957904192939,-2.72052809070325,1.46150598053309,0.130338119554571,-1.08988832097054,0.180321378968491
"util",-0.00126451409750571,-0.023343313286539,0.0384291638162568,0.115386687519779,0.144559197589093,0.186145923292968,0.136391297453303,0.0116070127511283,0.151895872012396,0.117235440684774,0.114920988515093,0.629312548899687,-0.329147368018828,-0.0371081391452792,0.229460246576086,-0.0518440159842956
"Z1",0.0536754066951517,0.0699126530252454,0.0772000626000309,0.217204211415762,0.168385497002565,0.186265288188843,0.181416481792547,0.218094411856783,0.173963766129991,0.182354079576683,0.123844152903947,0.0540618122432544,0.0861865513319598,-0.00921525473053804,0.102682214225972,0.153531375433108
"Z2",0.0374653120852319,0.0886920630844766,0.0554739345013052,-0.0247196220617864,0.00455963474709108,-0.0456344790755646,-0.112504293247224,-0.0374078684528106,0.101427826586457,0.0274010696368531,0.176386044342139,0.261536312407491,0.142250375257201,0.111008540671122,-0.0801968522169451,-0.0293527320348194
"Z3",-0.00870880460758568,-0.0140910731108772,-0.0052285734363494,0.0119250592671685,-0.00316504191220614,0.00626983996199103,0.0155407200550394,0.00641983779004445,-0.0166598059117433,0.00614242147298763,-0.0218996090538567,-0.0408061003606872,-0.0174624494586433,-0.0126242942877547,0.0237252491849047,0.0166124006951624
"Z4",-0.0987245464902409,-0.146635185174366,-0.136437629514251,-0.212825976444272,-0.195626279359935,-0.167596947377444,-0.0732374845104621,-0.184278949419483,-0.271536430569889,-0.302061216530737,-0.285740658360695,-0.208762989162856,-0.200722486124649,-0.0822629044949302,0.00557913011511022,-0.378740790731979
"Z5",-0.0267966712227616,-0.177496873794649,-0.0813764932391006,-0.11385674422683,-0.155122238431596,-0.145473615662491,-0.209890424182499,-0.0790357001771907,-0.188402565268288,-0.0412902088135671,-0.0461420922964082,-0.108854859831059,-0.0347492701574403,-0.101449554107162,-0.173877789200894,-0.13504570133805
"Z6",0.0202003949657585,0.0274701246488886,0.023417285023963,0.039352620748633,0.0354680800203254,0.0361921546741859,0.0180410286812294,0.0429483300596537,0.0631520203461471,0.0634312348796489,0.0607090773071165,0.0378404627029014,0.05105034944006,0.0280534073856697,0.00744680911979782,0.0725173623464133
"Z7",-0.00612029199064799,-0.00683100553031237,-0.0112111337607307,-0.0323729080599832,-0.0207441133232027,-0.0262046345236686,-0.0242364377230798,-0.0305587566802416,-0.0269907071268245,-0.0323233761630911,-0.0230520778995615,-0.00594685705584149,-0.0222428595420663,-0.00677302366744586,-0.0270780047407323,-0.0356898486998106
"Z8",-0.0261307217577971,-0.127474146347953,-0.146443697729897,-0.165592988520713,-0.199636388020831,-0.181064647427117,-0.199860040831605,-0.262850467228208,-0.287887433144409,-0.244831371606758,-0.285175441560352,-0.123749781764986,-0.1133175681246,-0.214937861118974,-0.292678751333549,-0.282008343607632
"Z9",-0.00317476271115463,0.0511726967764341,0.0916513662237852,0.0340673642200496,0.0854815400834134,0.0769480237838978,0.112959228463881,0.0588471760439552,0.0989736529978242,0.0788417126471532,0.0455220982746176,0.0529143976206358,0.0659499845006073,0.03824790776721,-0.0407302944737168,0.0763324994234486
"Z1",0.00277458326070115,-0.0112524807776939,-0.000269110021095086,-0.0518386191230235,-0.0287703053144305,-0.0327563339211427,-0.0327767034586403,-0.0253570351793201,-0.00910029869375444,-0.0266513259996508,0.00372848333679211,0.00488181500843548,-0.015233695099461,0.0517270975086018,-0.0263107056481412,-0.0336723874850315
"Z2",0.00232582825627288,-0.00785082993462403,-0.00677008235946128,0.0221817835802,0.00271489053430803,0.0286612830789871,0.053522403022011,0.0174169798812449,-0.0405173175128061,0.00517846715756864,-0.0699446927772922,-0.0899385638930757,-0.0460382965045378,-0.0561906583882886,0.0127478541955644,-0.00237540388767932
"Z3",-5.89887511967803e-05,0.00113728625572113,0.000874718764792997,-0.00566598909582324,0.00179941066562393,-0.00289743491927386,-0.00741768936916706,-0.00228684472435989,0.00902285132074667,-0.0029212329694365,0.011211537021301,0.017655052552788,0.0109695162550401,0.0138936676390729,0.000630287365689306,0.00205293889171477
"Z4",0.00125003225010041,0.0200249222157541,0.00671916133200202,0.0354137727587951,0.0460498925087776,0.0262961575186687,-0.0202163658043335,0.0195267129427815,0.0557140228075461,0.0508304910037431,0.0328891947757176,0.0384330958205366,0.0495097968509072,-0.0496406026494885,-0.0108159040867338,0.0914166697425911
"Z5",-0.0113384754775869,0.0428349021534827,0.0125200805999996,0.0293278976903404,0.0448537920355447,0.0419298869161321,0.0622635920160974,0.0303938099982214,0.0684666322854139,-0.00197036840467013,0.00881063839312561,0.0375894672333931,-0.0183181150113771,0.0126182792185204,0.00635706929125853,0.0108104482915791
"Z6",-0.000899372671486306,-0.00410898909851973,-9.03897099155109e-05,-0.00563800256299746,-0.00729736511746611,-0.00493238423376772,0.00363201151227315,-0.00470577205191981,-0.0128182647652804,-0.00936295735317712,-0.00533396214855668,-0.00114602139148947,-0.00969957469828537,0.0111244390986768,0.00328910316805157,-0.0160880624662536
"Z7",2.75898932872649e-06,0.000859482023129897,-0.000439957573922936,0.00745018772223507,0.00211415395446393,0.00370720880345807,0.00357629600204378,0.00276614030767863,0.000747091964378865,0.00452199052638597,-0.00126795676629448,-0.00579891728276235,0.00115719728083898,-0.0109801292083858,0.00153097929136924,0.00442299986060416
"Z8",-0.00981775612342909,0.0168492408492258,0.0271255151494737,0.0245087173168389,0.0332477120385101,0.0316314262211554,0.028226000147893,0.0606625114652839,0.0561277852911787,0.0367688168940215,0.0612301310669624,0.00813469576382149,0.000398311785886715,0.0328472343430489,0.0376195671891636,0.021397427695004
"Z9",0.00586374398783475,0.00278633150332367,-0.0120032519067686,0.00834860836354691,-0.0152171086536707,-0.0152167656047121,-0.0329593475861563,-0.0198752194350144,-0.0399025202001345,-0.0371127736492127,-0.0194377169770777,-0.0351681686562748,-0.0533711583769774,-0.0390702847261822,0.00707047128961568,-0.0256163321508175
"q_4",-0.242784759062314,-0.222315376308049,-0.221852453203119,-0.224550880138244,-0.210140799531141,-0.220557226344219,-0.217233943364313,-0.199644756593653,-0.184262751801828,-0.191107730747112,-0.184424025460658,-0.202426819421127,-0.201063856332881,-0.179884621343572,-0.283797292265047,-0.370860422601811
"q_5",0.00263918391291712,-0.00429291993605369,-0.00522909149519274,-0.00115810975463152,0.00557667376382039,0.00434496665756753,-0.00269950282525263,-0.00618472100912984,-0.00809423965565559,-0.00444211865306277,-0.0144821280939122,-0.013373933697487,-0.0134509572798932,-0.0210543806249064,-0.0142138125033812,-0.00659793671393991
"q_6",0.00556238534034139,0.00304198532765897,0.00282980973045353,0.00303731988244234,0.00239253676610292,0.00153659344499742,0.00385859755059724,0.00158719627342009,0.00298357317928223,0.00468624089500017,0.0063886913798538,0.00970975003513994,0.0024710607983073,0.00965319871227127,0.0136961352795903,0.0103353374764715
"q_7",-0.000841434741318145,0.00176654628053914,0.00426260196594798,0.00594745797611363,0.00998230913200264,0.0047573219141898,0.0078602945226194,0.00579651873401864,0.00428986979961706,0.00907628392654485,0.0147485375470929,0.013443513467034,0.0237921371000106,0.022833031504032,0.0327138558227914,0.0362057148455014
"q_8",0.00359787614314089,0.00502105924503271,0.00462117903682489,0.00507268450353042,0.00953186332809004,0.00481952088660003,0.00598460316952983,0.00280712296449635,0.00894978034230528,0.00718070248803124,0.00578460702712907,0.0108634300935377,-0.00523567623656675,0.0030387067106427,0.0220627114229871,0.014765622038664
"q_9",-0.00223568870981747,-0.00316729391719797,-0.00418793499438632,-0.00630588857495333,-0.00984429922377104,-0.00639471270672266,-0.00227215265385246,0.0035793323060311,0.0123484612306878,0.0229768583897202,0.0251576940048768,0.0207094992012887,0.032250502263746,0.0444278366946387,0.0658341775287352,0.0582040521287522
"q_10",0.00223833349263707,-0.000501098306794355,0.00157176947859771,0.00248954072225385,0.00281964231485024,0.00299629718924395,0.00805530244757914,0.00842429361590208,0.00252873325141586,0.00571718054056613,0.00427128237010287,0.00391268811366586,0.00271136649082934,-0.0104258944734152,-0.0176742125106278,-0.0167169423362362
"q_11",0.00675897461749661,-0.0041514145644024,-0.00955875166612061,-0.00471444833802857,-0.00980506657114273,-0.00620606485370571,-0.000549019446845619,0.00554789246812158,0.00162992813698683,-0.000539442806131199,-0.0231393539969668,-0.0293535010454868,-0.0431524605757009,-0.0392837062069111,-0.0353660962253082,-0.0513453992075205
"q_4",0.0591982017685552,0.0497472730829253,0.0471742621281153,0.0490929844077982,0.036310722417831,0.0418054256505351,0.0376635067237888,0.0265804061358173,0.0125864320499287,0.0174650503207619,0.00751875993781527,0.0172727632502718,0.0136002391375869,0.00484437089077583,0.0584597985628486,0.0863424117330224
"q_5",-0.00398960916882256,-0.00198133767926662,-0.00359018213880837,-0.00698444594085354,-0.0114814634717856,-0.0106221967693379,-0.00515223627472191,-0.00134197300509554,-0.000152209005487857,-0.00372048010460304,0.000469499322116316,-0.00193076482206965,-0.00651092828879842,0.00252054341527903,-0.00238491892132026,-0.00132742411961314
"q_6",-0.00169372858533212,-0.00175753990714601,-0.00162433509825387,-0.00042289958830793,-0.000630276023077639,-0.000497080255868077,-0.000596993250686955,0.00106613256147457,0.000665348196414685,0.000737377536403865,-0.00187261798849107,-0.00359955753330119,0.00153916549123469,-0.00335043174898612,-0.00713960533613254,-0.00542417965775399
"q_7",0.0023520634674932,0.00070359563464718,0.000112130576047923,-0.000734672677307472,-0.0032487604652691,0.000363292431478445,-0.000200543408836065,0.00145286851504158,0.000425188720571896,-0.00167587136219191,-0.00315443901064193,-0.00499020761878916,-0.00741470215108812,-0.00556550914391389,-0.00834772803519684,-0.00776739835091662
"q_8",-0.00186073780129585,-0.00376603703458442,-0.00243769873354079,-0.00236672697125175,-0.00352418249520014,-0.000872951957039063,-0.000208508555313813,0.00316315433681703,-3.55393432559984e-05,-0.000705229750745347,-0.000832187343188522,-0.00496411804549866,0.00584604332998625,0.00128721916603576,-0.0110031442169152,-0.00382375799862039
"q_9",0.000560060426877957,0.000255830691180829,0.00217094187232324,0.00779397811514269,0.00933551769910659,0.0092529584997177,0.00768444834149578,0.00256388105791928,-0.000888719379417583,-0.00531697501034361,-0.00248528700033568,0.00239187164920815,-0.00575150911095859,-0.0161482675852035,-0.0230068563064744,-0.0168240642027209
"q_10",0.000414862519647887,0.00151361179265506,0.00018415881429516,-0.00178564243156589,-0.00149578336047664,-0.00326685186155574,-0.00549926010346284,-0.00471004165792126,-0.000276902864809598,-0.00101262756922085,0.00117698597128496,0.00357839492407913,0.00441998126777204,0.011167357093873,0.010946528024022,0.0107573279645234
"q_11",0.00257033099248397,0.00544266249050438,0.00895451608579574,0.00162225585679673,0.00550499392647615,0.00306003983189141,-0.00187098116643522,-0.00978171007709227,-0.00703868361322318,-0.00994994376914499,0.00656056858011662,0.0146189045536551,0.0115926119902146,-0.00424547867193562,-0.0188724070891434,-0.0152498113774315
"q_4",-0.0316342203991024,-0.0326436118686199,-0.0261983000070247,-0.0298969554479302,-0.0187811915922506,-0.0181678617107762,-0.0148849317479745,-0.00923712646248635,-0.00219858483383075,-0.0140840707887525,-0.00978899606486527,-0.0158556794871114,-0.0082781224004444,0.00143139967952058,0.00170375079358551,0.0262155946277983
"q_5",0.0106965003247117,0.0105901316755434,0.0144388834047555,0.0181556166990097,0.0181189082718367,0.0153296262497299,0.0134557285201843,0.00798286519296404,0.00606530929922982,0.00793963983816033,0.0080480780726411,0.00920827862071511,0.0101885634080675,7.83424034319236e-06,-0.00133919110356527,-0.00925153264969473
"q_6",0.00343281975644971,0.00276419910055559,0.00329969861391466,0.00292740941498628,0.0038403427454292,0.00449882719687063,0.00289610186549568,0.00166640529865173,0.00366380276489346,0.00211711774633113,0.00514777469096588,0.00572348365366183,0.00541221047001472,0.00699424290995631,0.0104705124521689,0.0096629373181079
"q_7",0.00105539764557762,0.00107713472813048,0.00106898121592002,0.00402086225498156,0.00488329026072351,0.00250026800498766,-0.000336299204799408,0.000522006387521473,0.00457261655884527,0.00488155016552364,0.00542819597971364,0.00868150140868035,0.00280554643037949,0.0016859178231724,0.000161475019960665,-0.00291406617592429
"q_8",-0.0034883232552241,-0.00175561198255157,-0.00156069607685278,-0.000139253449774888,-0.00238203753420944,-0.00134213080906267,-0.00594711746231351,-0.00820876279989357,-0.00651269702091787,-0.00672467445771442,-0.00462674188127457,-0.00424045897585741,-0.00881503353723134,-0.00425527689287519,-0.000121640234634851,-0.00505988711956254
"q_9",0.000143365457741817,-3.35625992748998e-05,-0.00115594188398911,-0.00901874056684158,-0.00671786765714026,-0.00660283136687603,-0.0080966680075594,-0.00242600086132855,-0.00355609166272863,-0.00123778309876712,-0.00608490719482139,-0.00830470779518613,-0.00630485753862313,0.00338346022229913,-0.00663912711513791,-0.0161586437944108
"q_10",0.00302948822099541,0.00294317900646754,0.00274152681005999,0.00406265304736536,0.00277575236955016,0.0050972517813526,0.00397246028000585,0.00297754158474185,-0.00305728434988815,-0.00295774921972062,-0.0067841603303024,-0.0102345622382263,-0.0121516028807549,-0.0139223058678144,-0.0120881113793414,-0.0136007753440286
"q_11",0.000528012033688051,-0.00505112031785298,-0.00694478417029521,-0.00366048027058866,-0.00648617651586126,-0.00319452250381785,0.00333298608868047,0.00536213302111205,-0.00336303425672145,0.0029523565370775,-0.0195561644260712,-0.0300419627983694,-0.0206539417093989,-0.00518524423233617,-0.00314382548198636,-0.00805590627543764
"q_4",0.00703739889834634,0.00731772362675873,0.00602924806878228,0.00639503787535198,0.00452685845292958,0.00475311336798155,0.00415863148007548,0.0032973658394679,0.00253169975826395,0.00417809193816544,0.00362992209276799,0.00435219945302983,0.00249079428765181,0.000798713108041,0.000377618458408612,-0.00443379924257491
"q_5",-0.00251916272537845,-0.00273881036712469,-0.00343088443137651,-0.00424251391549248,-0.00444328819977061,-0.00407638293514401,-0.00369569308460972,-0.002814740666303,-0.00261174128967213,-0.00296224462882487,-0.00314222153626451,-0.00333635742272579,-0.00408302914585449,-0.00199553508315985,-0.00126710533621413,0.000149149781299844
"q_6",-0.000575866038148464,-0.000472226441209016,-0.000535704237694085,-0.000473434018451497,-0.000563425625204997,-0.000576119604110843,-0.000346783531657392,6.01380368944286e-05,-0.000297336006047241,3.24041687481098e-05,-0.00069481293091005,-0.000872734404563658,-0.000711622570295835,-0.00118546485206349,-0.00164320764789198,-0.00148432701879742
"q_7",-8.91490678021686e-05,-0.000162501695033579,-9.19776209735041e-05,-0.000516173066078009,-0.000798356329663984,-0.000445624951391544,-0.000108218764410864,-0.000171258256903481,-0.000992890521071817,-0.00100168626709522,-0.000892297025654097,-0.00164254555942794,-0.000726812087209857,-0.0005131944868687,-0.000535775415929173,8.9447985697735e-05
"q_8",0.000687028831562634,0.000436554871090675,0.000395919375370291,-0.000124659403022012,0.000200640238567775,0.000234189563771132,0.000730121850506536,0.00120687184532472,0.00107622936426998,0.00104860937248725,0.000780617649413851,0.0010175788793251,0.00218892877898262,0.00138096291997274,0.000389286260341961,0.00145851442559367
"q_9",-0.000122540326692206,2.27008616780014e-05,0.000103803374200585,0.00147467276884398,0.000565290848437459,0.000200182970307421,0.000549333051089213,-0.000397369617431781,0.000139525363428086,-0.000192587689819372,0.000779043160206655,0.00117306084777489,0.00124512770986853,-0.000285673089751085,0.00133189614231742,0.00399673910920612
"q_10",-0.000687396722962215,-0.000723660781565048,-0.000708870230593061,-0.000992374764859468,-0.000697049857541579,-0.00104680613331137,-0.00081646595237756,-0.000632214641259833,0.000407626558297052,0.000270005836884024,0.00084258377651428,0.00133181952621188,0.00177669130334664,0.00203741333738614,0.00193545866107883,0.00223570622529556
"q_11",5.51256776768297e-05,0.000789147052279017,0.000948792363901472,5.85573660475696e-05,0.0011967400673505,0.000416330528008123,-0.000566567929618003,-0.0016197394968542,-0.00038307619519302,-0.00203218939248559,0.00227707543594448,0.00349383964222067,0.00141688941302755,-0.000905744736249339,-0.00126410944769141,-0.000485098413810411
"q_4",-0.0159727809422731,-0.0120123587891329,-0.0123961103435196,-0.0101594513618646,-0.0111094792375023,-0.0200039317678208,-0.0224273428726139,-0.0187997003738331,-0.010927957359933,-0.0104935528642808,0.0119596939452798,0.0193190118004304,-0.0051143403325043,-0.0270232790360616,-0.0923505390416234,-0.092164414807993
"q_5",0.00380842877759213,0.00387836057691531,0.00370536436116243,0.00538584038698601,0.0100625041358201,0.0116126794892391,0.00765868924855046,0.00593242825589821,0.00739227658881756,0.0127193210013717,0.0142955243332176,0.0236047603062169,0.03251755535005,0.0215155492776231,0.0315403881760618,0.0292140312955841
"q_6",0.000632878598634628,0.000398024983249021,1.03640791149867e-05,-0.00259805399916959,-0.000587460205844823,-0.00158512941607312,-0.00249992732656376,-0.00356084163672376,-0.00545076429207102,-0.00589930166165173,-0.00356756151152509,-0.00349506252713883,-0.00454000239616712,-0.00400990063971451,0.000587686076259842,0.000637840244127709
"q_7",-0.00423290167351676,-0.00405873056529753,-0.00367446024047238,-0.00377524275835828,-0.00291125169882378,-0.00414730488075691,-0.0019073901363943,-0.00447158079190898,-0.00434101249515941,-0.00475216735648776,-0.00348395165736326,-0.00179757874284527,0.00313124111072824,0.00259585161688091,0.00178557638785832,-0.00530453760596942
"q_8",0.000859391140869313,0.000216543133767898,-0.00145871138991807,-0.00182825444220018,0.00168561663129456,-0.0039920000386623,-0.00292919181815994,-0.00495323263629775,-0.00389125750061325,-0.000181467444130379,0.00612913586062782,0.00941475163041412,0.00603627915091219,0.00343891450544647,0.0140711095707867,0.00907100600905349
"q_9",-0.00202646884261322,-0.000210701136553836,-0.00647488658401991,-0.00974464902663885,-0.013357518781925,-0.0160632639218627,-0.015927881802885,-0.0121421921699545,-0.00959640439024453,-0.0159297972679027,-0.0211941486244595,-0.0284364403987038,-0.0266725322240195,-0.0250097276143579,-0.00285504836523327,-0.0095462291227886
"q_10",-0.00474850865110633,-0.00507779562303113,-0.00409142276513442,-0.000944387010458477,-0.000736325628353208,0.000301076762294807,0.0014821414123942,0.00112799578758967,0.00209498474994977,0.0026112553902911,-0.000368126866750325,-0.000217512616121787,0.00347728652309289,0.00379085236505191,0.00616561133049484,0.00985949914277399
"q_11",0.00373423968953522,0.00700339668577561,0.00401262817772438,0.00784285482248603,0.00720813088891225,0.00696971749481086,0.00652301600407666,0.0176268899030127,0.0276474695657715,0.0332072684564427,0.0289872872231977,0.0185335139297365,0.0167314246449056,0.0123700031341588,0.0176209393460691,0.0490051933636876
"q_4",-0.013045239293853,-0.0127606188360784,-0.0200643323872212,-0.0246944865949261,-0.0243248775515711,-0.018704878568618,-0.024950782670668,-0.0200909033746397,-0.0255484421052074,-0.0214202669944702,-0.0261067065891742,-0.0341411926791751,-0.0318664951211049,-0.0370371477627033,-0.0277226592958452,-0.0303770636151788
"q_5",-0.00874786785855678,-0.00445956892755366,-0.00156295131342558,-0.00174908004254411,-0.00382704148528749,-0.00505294866879137,-0.00645362003267949,-0.0089906489612273,-0.00767447002577273,-0.00867980103428877,-0.00874693708627471,-0.00533841897393201,-0.00480276934329037,-0.00364687983356484,-0.00477266714572842,-0.0101161799550148
"q_6",-0.00138303206855519,0.00311086088797284,0.00387708617383392,0.00285686696712026,0.0030587658418371,0.00463811045840936,0.00372540997449648,0.00429514687020872,0.00235736208847683,0.00394439618548473,0.00545044585389948,0.00359917255671812,0.00569792827183547,0.00687064107900418,0.00716763591958468,0.00528851853216963
"q_7",-0.00153700075941502,1.23153835235005e-07,0.00330338310483547,0.00208275453297782,0.000831608186693553,0.00174096527941383,-0.000749207607059274,-0.00139781919710736,-0.00370467082837818,0.000821576620546314,0.00296953788952122,0.00212174244426288,0.000346016407527128,0.00153408601502206,-0.00280071319418049,-0.000249644511015139
"q_8",-0.0031024269375496,-0.000826124775447841,-0.000814672842065664,-0.00273443807965184,-0.00159658343533591,-0.00092195881850621,-0.00403399843454581,-0.00294310202840149,-0.00521537252657136,-0.00534773397655267,-0.00500094147794313,-0.00608566595265531,-0.00524187414766999,-0.00438180762618293,-0.00528373348955871,-0.00801256722166143
"q_9",-0.00442421625168218,-0.00663709864100987,-0.00460228718597413,-0.00454582423467108,-0.0049983718174886,-0.00419688266697793,-0.00665693991942816,-0.00352653036659191,-0.00473517954231706,0.00415556133847604,0.00646388965591563,0.00599678532470809,0.0105234064687072,0.0113053267711102,0.00977083145217754,0.0128322186676716
"q_10",0.00516374481524052,0.00729297576841919,0.00634363721650281,0.0053715843962495,0.00837280065320878,0.00694761320159377,0.00853413220785874,0.0101518946968075,0.0102392080617405,0.00770678728481666,0.00742917474519638,0.0095539938120795,0.008813961323506,0.00602097763753676,0.0111279038614909,0.010280172977702
"q_11",-0.00661760668382934,0.00487654712137435,0.00236338292126586,0.00481305372386017,0.00594536303243734,0.00609464791088219,0.00891591298317724,0.00198306259069552,0.00714412941470206,0.000299182868826335,0.00736647396406895,0.0133497467938607,0.0144122978618943,0.0172885779222392,0.0453741833149795,0.0357293314514283
"q_4",0.00222814091410278,0.00180197068599685,0.00163233210683047,0.00168549888367799,0.00237529795453261,0.00386847303235421,0.00517494380684323,0.00432482627698997,0.00285101312343534,0.00278541069618766,-0.0010507378227621,-0.00278118597721511,0.00238367102319324,0.00613893994404679,0.0189542605902495,0.0194877066505251
"q_5",-0.000803552976125802,-0.000681514093721572,-0.00065126323542929,-0.00100621016965996,-0.001946064568792,-0.00219120966233133,-0.00167857955334965,-0.00154151958689267,-0.00178050266251434,-0.00286789319208177,-0.00310624249993972,-0.00465976772897634,-0.00658515730895618,-0.00422897729594253,-0.00587528425627625,-0.00575352503005065
"q_6",-8.69786020904026e-05,4.37746142406265e-05,0.000127914528540277,0.000558345431457814,0.000126893026986433,0.000270488969342473,0.000423574735693986,0.000783952017756009,0.00106509277242199,0.00117067761351563,0.00058942186269581,0.000612861658940617,0.000860882635087373,0.000749841619008283,-0.000221152505672706,-0.000293881737983557
"q_7",0.000626749596613784,0.000650083722245063,0.000620149281920902,0.000758441055745487,0.000504676373432514,0.000814820124793524,0.00045069753023816,0.000877810323585104,0.000987605485326417,0.00115964499280943,0.000853538417277173,0.000267033562503401,-0.000378893689759706,-7.04351309199427e-05,-9.20064893860557e-05,0.00100926448180846
"q_8",-0.000149358568164971,5.75081230873663e-05,0.000501482043362472,0.000472803544463886,-0.000343252487832522,0.000615186403338251,0.000319804545639006,0.000756818176286331,0.000357252752500892,-0.000127976693015249,-0.000927260178910838,-0.00163889995969261,-0.00119043989245929,-0.000869852668245647,-0.00312117043868514,-0.00247812507121107
"q_9",0.00056086410409048,0.00046552292796542,0.00155921566253213,0.00205359029505513,0.00270079985184284,0.00330650716091501,0.00288912556930269,0.00232689902338395,0.0019380670131357,0.00288425319271774,0.00375075958558965,0.00501057176373888,0.00504890564875527,0.00512858835942323,0.00022939953015729,0.00137699829961275
"q_10",0.00088863729984428,0.000879303886659032,0.000647466223768042,6.4489055456534e-05,-9.51724268885672e-05,-0.000246213848425913,-0.000509564156364543,-0.000309162856038968,-0.000519185196842681,-0.000626577871072333,-9.42764321744315e-05,-0.000112984647098639,-0.000801310743871784,-0.00104725988310882,-0.00166857834790472,-0.00220432539892461
"q_11",-0.000886135328605783,-0.00144325193792233,-0.00050289194776902,-0.00151589692602692,-0.00109260966614802,-0.00136764974864337,-0.00122784819809422,-0.00354833483765172,-0.00575634560756741,-0.00667281809212823,-0.00545737101096151,-0.00371273886034932,-0.00470113945988881,-0.00362216097384416,-0.00529405046673334,-0.00991161584582626
"q_4",-0.00707110773430355,-0.00619571304206085,-0.00562151149210355,-0.005883238368261,-0.00426544781857988,-0.00506175523576919,-0.00480632441144841,-0.00331741781904356,-0.00163163832133373,-0.00225637120428279,-0.000983914095664698,-0.0020448624813143,-0.00180090725703514,-0.00085357414787129,-0.00711107722419651,-0.00909298777625831
"q_5",0.0012251531934066,0.00105146772608272,0.00136332281051638,0.00190006374762183,0.00254101318213354,0.00250164058676315,0.00187323339329875,0.00135938289929135,0.00125404702905704,0.00184063157109687,0.0015031024351661,0.0018822874792624,0.00305631795656909,0.00143454608129918,0.00179799719103482,0.00148814711438603
"q_6",0.00022642186824629,0.00018904665072904,0.000174669811609474,1.97900116047496e-05,0.000103362288156282,6.89049720771388e-05,2.39612605159945e-05,-0.000358526379534233,-0.000304727959411256,-0.000354866591322101,0.000203928712224208,0.000484131471432248,-0.000249470843709617,0.000564356480376663,0.00107751822840236,0.000940366485086931
"q_7",-0.000346847651868473,-0.000175250932809584,-0.000179639277191368,-7.93769797509731e-05,0.000332973178897067,-0.000154499262110697,-7.11404742992347e-05,-0.000273479566516151,-3.02319595659143e-05,0.00013490062739386,0.000160260547855117,0.000707656132125343,0.000758503422905621,0.00048448315948919,0.000855798752589517,0.000575178729264665
"q_8",0.000214433544766188,0.000450892762199834,0.000201779757531545,0.00035017538063046,0.000534194857599437,8.84970175571615e-05,5.43223427676923e-05,-0.000422346378371666,2.69108459430871e-06,0.000109515324185423,0.000109016958114644,0.000545862437177335,-0.000930073304185129,-0.000348118125515586,0.00159709087519724,0.000581116832728972
"q_9",-0.000125781550838832,-0.000226169261510782,-0.000519672329248684,-0.00138260594625623,-0.00131225879736215,-0.00125615630096465,-0.00107432667884442,-0.00024695523908746,-0.000105563581623287,0.000327320113765341,-0.000372846197470393,-0.00111134324894573,-0.000367546074002813,0.000948519140796274,0.001914133784274,0.000578496967231603
"q_10",4.94790740604618e-05,-3.34030129604813e-05,0.000120195355355348,0.000484980209946943,0.000411178716422829,0.000658730091287896,0.000862511024786376,0.000670866220519393,7.43166436515212e-05,0.00017511342379359,-0.000124971865450685,-0.000496907239863682,-0.000565574896143409,-0.00141283699584962,-0.00125584851950334,-0.00125257384970496
"q_11",-0.000232167107397235,-0.000603976398463927,-0.00111619749900787,0.000120980489016158,-0.000829704513191839,-0.000250631841487031,0.000392800777173595,0.00192521309464988,0.00194757290427471,0.0026544025121843,6.51488345745636e-06,-0.000909252240905756,0.000695942702486278,0.002666427470508,0.00511002850162667,0.00514524127194881
"q_4",-0.0636268314373925,-0.0593216150447245,-0.0575345598177797,-0.0569612896513061,-0.0560133336716996,-0.0540477718402032,-0.0508845720331938,-0.0473337661026761,-0.0465699101161957,-0.0414278921739135,-0.0341097164607491,-0.0345492986739659,-0.0236811519413177,-0.0369144396651748,-0.0193704306519475,-0.0193954918655391
"q_5",-0.00432366636302769,-0.00280738370385449,-0.00225307239826439,-0.000650021590191688,0.000385943674265498,-0.000902565792123121,0.00102056334594991,0.000913053975993587,0.00401257044279347,0.00409442513067962,0.00272722807760022,-0.0019418481046327,-0.000875170246729546,0.00377102441528188,0.00287459433601768,-0.00393789954812337
"q_6",-0.00169457357688187,-0.000521152318847056,-0.000298166230150456,-0.0014866401351482,-0.00199911431010899,-0.00183215383016629,-0.00140394774515226,-0.000756301633009437,-0.0015313465561802,-0.00298163830945504,-0.00360709191676643,-0.00315568088922365,-0.0037608668094698,-0.00492060361920166,-0.00439162121459718,-0.00590070653327305
"q_7",-0.00144902111190345,3.0527774397841e-05,-0.00131950601822,-0.00284165572388746,-0.00239642229350512,-0.00227934626332217,-0.00221200651293232,-0.00396884681268994,-0.00367484667102597,-0.00352905809095878,-0.00433486637749246,0.000328388374424573,-0.000400779957546141,-0.00180517123499028,-0.00510053802908306,-0.00589147354841901
"q_8",-0.0026779978000843,-0.000715729769112782,-0.00142582728825508,-0.000493875826480501,-0.00264386706206971,-0.00117980722719888,0.00168097162675891,-9.96404864182861e-05,-0.00204815742854504,-0.00241064395621425,-0.00491914833025617,-0.00163053843540094,-0.00186372454017937,-0.00317190458521481,-0.00328823527763171,-0.00580480062212723
"q_9",0.00968951933290735,0.00757032121341383,0.00605932140218325,0.00798920893653056,0.0104986717010995,0.0108574273732103,0.0105493973928306,0.00855661341513793,0.00681788364508085,0.00917847517132205,0.0135961776676466,0.0158198993641251,0.0162282081855776,0.0159453946084119,0.00742752032514797,0.0110588286041846
"q_10",-0.00408480414606747,-0.00421812658370473,-0.00249013420601175,-0.00199746017210496,-0.000560501453997431,0.000790198732516699,0.00149212060327089,0.000978174680311,0.0018943320966607,-0.000559031256350419,0.000183919003240569,-0.000494972954355185,-0.00395804025942327,-0.00246703965595897,0.00053565819580582,0.000544444305981784
"q_11",-0.0036578171165625,-0.0028909913365363,0.0015763020228898,0.00237280438296014,0.00258755662292178,0.00111668743521906,-0.000137727820148674,0.00231989041402191,0.00101977372507024,-6.38847136931103e-05,0.00794588402905241,0.00419719655701825,0.00646184584372082,0.0171871730858273,0.0336512828226175,0.0447012818713244
"q_4",0.0124219620307182,0.00561914694865388,0.0088631530760925,0.0103200758086147,0.011898399409428,0.00557813111485363,0.00739093839782394,0.00203000142841535,0.00357239848616844,0.00505992743243379,0.0087852998340454,0.0179802848504393,0.0244858396118058,0.0230942360673639,0.0177052181751516,0.0104391883261578
"q_5",0.00285033719502189,0.00285627893930616,0.00326517522445269,0.00355134948818077,0.00660121464704122,0.00772321669519438,0.00580099878695462,0.00831730221188127,0.00602567958293656,0.00550036570322739,0.00705701406099653,0.00533405493719989,0.00697524688046751,0.00775957662435353,0.00924765046938158,0.0108030868436613
"q_6",0.00188537639713624,0.0013589429772156,0.000842301377785833,-0.000429324106180057,-0.000646470309840032,-0.000973736062597699,-0.000292996520175904,6.16633214886594e-05,0.00053585025481562,-0.000845122809658727,-0.00111700301852693,-0.00130168481205881,-0.00288320557984343,-0.0044183794280589,-0.00627592636355906,-0.00512442124449361
"q_7",-0.000848489836710704,-0.00192158721389881,-0.00210704602802658,-0.00410436794912323,-0.0033838808004839,-0.00238223886122619,-0.00205357553265544,-0.0032209819458706,-0.00146287127595943,-0.00254870608717038,-0.00461905149522085,-0.00421128857695071,-0.00367440017899303,-0.0061072440345881,-0.00723169009724504,-0.00377273031831869
"q_8",-0.000562125415205092,-0.00326915123871318,-0.00264935258019567,-0.00600195012734136,-0.00685336877730666,-0.00546818149170054,-0.00162170961686511,-0.00319911121369812,-0.00155241228888975,0.00154675061544571,0.000314064848124349,0.00247601561963682,0.00254954438351017,0.000762186915137096,-0.00194320152455549,-0.00106028937415412
"q_9",0.00784530679962745,0.0094748198510246,0.00990109687724015,0.00828157658446534,0.0104000217467103,0.00640762577414335,0.00723818041816152,0.00387313640927221,0.00612313135213107,0.00369079787157568,0.00615594357505083,0.00371694187380187,0.00360230709437126,0.00722471037071696,0.00100921887019886,0.00305976705479746
"q_10",-3.2492399969755e-05,-0.000949225453775163,-0.000460820438530639,-0.000241435091170004,-0.00131898087652154,-0.0010968850687335,-0.00246646183644742,-0.00454053029998496,-0.00379476890629052,-0.00417611589577977,-0.00345469742766914,-0.00516272903125345,-0.00606049350691694,-0.00531205563745307,-0.00439830044075523,-0.00781181569566657
"q_11",0.0029460852826996,0.00485266125548758,0.00120551078160189,0.00532283679083459,0.000718899134119631,0.00124780203658374,-0.00238784347285011,0.000144054598674369,-0.00308635740449444,-0.00191814020920512,-0.00123449352829145,0.00183918604413228,-0.000912063482368248,0.00158060934844773,-0.0043949950833625,-0.0195713590405007
"",2.81328924460326e-05,0.12461984459729,-0.017474628420525,-0.00355258511201001,-0.0955260229874901,0.11452001577748,-0.12881223420722,0.281084417341936,-0.340435431859442,-0.58571379706123,0.272628129020809,-0.355959928930975,0.136415700584201,0.221040746924716,-0.288301660389783,0.111271005074704
"util",0.000354778128746114,-0.0345996100314655,0.223137567049181,0.110155432860556,0.326498362150477,0.0253221468684508,0.447383550116543,-0.365460287965474,0.765848959783446,1.5451168899639,-0.336283482760763,1.20126046613346,0.330820544725471,-0.02838417327168,0.746851527593736,-0.0566093359697753
"util",0.00101747714936986,-0.00966104223011157,-0.137159130385703,-0.0636172289608578,-0.217092809456551,-0.038048615378433,-0.291294251350958,0.22899194153249,-0.461026633748715,-1.07070285252722,0.247615461114896,-0.88351949010722,-0.316189175565834,-0.0515133677046616,-0.449553106124901,0.0374912551906385
"util",-0.000219848676642566,0.00541376471948375,0.0261552272198402,0.0151486016937242,0.0467682144139687,0.00934231930781483,0.062655116620227,-0.0479832605762166,0.0947647581897169,0.242942288282163,-0.0560519730377649,0.208997365996136,0.0826323241576142,0.0227451793267297,0.0884120651016513,-0.0033348936081578
"Z1",-0.00507691450554089,0.00963485670599468,-0.0398604539347877,-0.0192192328923588,-0.0133150061600685,-0.102829792770273,-0.0708758906466483,-0.0691823894559837,-0.0572822815863631,-0.13309676386562,-0.0342235018561016,-0.0574968185375611,-0.161740621659825,-0.0708948508771928,0.00596607389520994,0.036004618745473
"Z2",0.0150972608370592,0.0164783811840039,0.0366439253278292,0.0591670275420203,0.0185331299529227,0.103195534763238,0.0910028078182585,0.083720094970221,0.0788785759706474,0.101734863078046,0.00910038059166626,-0.022549461347222,0.0678285601781092,0.0629053108678523,0.00711308977742556,-0.0287524798219027
"Z3",-0.0005274877937005,-5.35191488591247e-05,-0.00459027369367127,-0.00761918669982847,0.00194003196900248,-0.014103703727141,-0.0138681007430263,-0.0129974869643823,-0.0103133271151791,-0.0165684504944364,0.00394786563087484,0.0100049329184615,-0.00241014724790205,-0.00678799585474825,0.00417298656333232,0.0158796813188778
"Z4",0.0220143906443382,-0.0244063911014274,0.0169323052506935,-0.000791064430494638,-0.0415074356388708,-0.00702551374368976,-0.0363458833259868,-0.0131604580470023,0.0247906032523875,0.0795522565310247,0.0367108433587335,0.0250577802122032,0.0624640863682108,-0.041130352276329,-0.126700561762442,-0.162128396809908
"Z5",0.00725645175130024,-0.0230367907870106,-0.0527479263294898,-0.0133674165451851,-0.0561544132407865,-0.0152512725951144,-0.00705169174566542,-0.0391394017930971,0.0570016492672051,0.0476349521311329,0.0164638239716464,0.0615706447054363,0.00826967496960045,-0.0119228979481267,-0.0238421021040627,0.0948083666246666
"Z6",0.000281869197237702,0.0110582257185668,0.00212494678500016,0.00570478607158712,0.013954837280137,0.00774356840064,0.0100326789696,0.0078509993741838,0.000125701937533022,-0.0102051880455364,-0.00058051526527351,0.00312397035365291,-0.0055024295220663,0.0172754650042613,0.0331761799835541,0.0404438662598362
"Z7",-0.00157849210988651,-0.00516984071580351,0.0025218209688312,0.000392994755313516,-0.00275108770959216,0.0110560190991773,0.0079594044554433,0.00812574979239535,0.00738090513838236,0.0174028874282183,0.000166766880227645,-0.0013247593815556,0.0159455723559944,0.00318370952244348,-0.00874624404059157,-0.0150514548643669
"Z8",-0.0240669061419022,-0.0515565983010232,-0.0450188904038497,-0.0136661876128688,-0.0368120281888311,-0.0313754839739281,-0.0260840249500882,-0.0336984202725341,-0.0335365991237704,-0.0376681722071168,-0.0422924078523572,-0.0628052795350997,-0.104368328803022,-0.061665545443647,-0.074306999599405,-0.0793483853868564
"Z9",-0.0145320339981772,0.0116513658033675,0.0141287109727208,0.0287753379312611,0.0411295178006846,0.0315085661298045,0.0284286900687396,0.0599113272151185,0.0379206866277998,0.0474232894561154,0.0405726401025298,0.0246224577836843,0.0261797618784039,0.0400202710329686,0.0650157659401625,0.103958756866621
"Z1",6.24548611826352e-05,-0.00815940856295459,0.00155112698598655,-0.0126849656397218,-0.00815409136273894,0.0201565491512573,-0.00217238078578913,-0.000655072010572903,-0.0184212015813825,0.0143497389516699,-0.0240535580657018,-0.00368146819492391,0.0259133090866299,0.00600172925674552,-0.0156556740781408,-0.0436362569492838
"Z2",0.00263313314909279,-0.00186757506439134,-0.00385826668924848,-0.00900022103255518,0.0120383523861838,-0.0116497530640272,0.0030773619325698,0.00418240365161921,0.0103950853429519,-0.00817539620184349,0.0180585837350565,0.0243422447678932,-0.00610129136925351,-0.00884560120864761,0.0108072171309484,0.0373026106990336
"Z3",-0.000390795329403523,0.000150296025436565,0.00077529254854437,0.0014860451257821,-0.00267903323806952,0.00172024740388519,-0.000428059079703244,0.000203080558321328,-0.00220995488809324,0.0023655911378549,-0.00213909648246629,-0.00287855728931551,0.000498933766445164,0.00303325739754675,-0.000559902182016856,-0.00752199020335649
"Z4",-0.00250750631309033,0.0106628517324962,-0.00187257736043316,-0.000804535665523365,0.00415634411970892,-0.0119557634987509,-0.00220452297863175,-0.00338797876753784,-0.00440324051143213,-0.0175341689851735,0.00496301099573473,-0.00213399948739943,-0.0203840671486754,-0.00589618181383194,0.00937431711631493,0.0177801462799012
"Z5",-0.00547735706131711,0.00114572442101382,0.00731653615098179,-0.00798060823193813,0.0103959681065687,-0.000303816752077921,-0.000299004812389528,0.026910397540447,-0.0137701956075516,0.00401521272187128,0.021739796363343,-0.000885969365010069,0.0132575011709022,0.0209501044492061,0.0265479620825156,-0.0167119235999186
"Z6",0.000168872102030156,-0.00311131631059962,-0.00024280195859063,-0.000352415545365626,-0.0010805336012479,0.00180248526421324,0.00100405428930696,6.14020493531537e-05,0.000382626793201254,0.00352712769781317,-0.000266513210851385,0.000415582444803316,0.00536331250197133,0.00111530256620996,-0.00145815775202118,-0.00385731430962823
"Z7",0.000207346025523464,0.0015175623425685,-9.09175543262453e-05,0.00139320744067415,0.00153108555525227,-0.00274859399061998,-3.55708449619828e-05,-0.000362796207278921,0.00209593814136058,-0.00267733862436297,0.00220772393458791,0.000989072394267902,-0.00400469695203803,-0.000948428539367086,0.00190955065759963,0.00684086296252784
"Z8",-0.00115642000770846,0.00699659654841413,0.0062997169502474,-0.00466133262486913,0.00374393325297497,-0.0014706077015564,0.0016335110969763,0.00372403133356613,0.000647554613069708,-0.000555778378482808,0.00793622004324793,0.00555271164597858,0.0196076275301008,0.0196283634411157,0.0223655229467044,0.0193264639189797
"Z9",0.00318109509280636,0.00114601419241759,0.00148330194613455,-0.000758993097147742,-0.00347151673052879,0.000230501182952408,0.00115569700836854,-0.0156004052147873,0.00256762776840689,-0.0030008296002233,0.000201815717261598,0.0109343503802021,0.0190120898283006,0.00613908747953055,-0.000630900987657567,-0.0104960323036645
"q_5",-0.0765421087266075,-0.0658681846316819,-0.0625700946186604,-0.0635865175565949,-0.0616556961042371,-0.0632143345473051,-0.0634747156659885,-0.0608554369760971,-0.0598744522232195,-0.0647664832350396,-0.0601299166717185,-0.0749008362289998,-0.0740579942894307,-0.0722616821752361,-0.0856741074849734,-0.0905020638322275
"q_6",-0.000958053040520684,-0.00064120319328083,-0.00130754708940024,-0.000573771278761891,-0.000443400830246055,0.000902369794474022,0.000760117220668703,0.000385738073689555,-0.000412231845272998,6.51222613628515e-05,0.000988808727113679,0.00186825446680565,0.00153508302664426,-0.000281860151633413,-0.00143698943921957,-0.00192070031785633
"q_7",0.00452753404825758,0.00402841358899695,0.00441187827190318,0.00399070247037746,0.00643589012585454,0.00532213359150164,0.00465948531079291,0.00533623924931806,0.00410048479442836,0.00704427316326296,0.00933148836159044,0.0137108547079695,0.0142630939595036,0.0152506157249652,0.0165828611337848,0.0161871596325662
"q_8",0.00604971801118747,0.00987781149238724,0.0110268911801814,0.00896714099094114,0.00767131911996265,0.00982619967974094,0.00726313713873903,0.00889167962082925,0.0103009998478237,0.0101507410279744,0.00707532280178591,0.00959861599223498,0.0113304125034368,0.0115512995542478,0.00734500406010516,0.00655972132711241
"q_9",0.00562361964526685,0.0147464782124191,0.01580588208533,0.0112231353220127,0.0113686707950925,0.0148354092980866,0.0148750805962805,0.017085055763989,0.0141196155419268,0.0157610474565837,0.0115856816318741,0.0152117747441723,0.0151683409970807,0.0121005155444544,0.00892731641790604,0.0122241391072794
"q_10",0.00381961102796643,0.00447360798206026,0.00660595705944902,0.00821013557743474,0.00935828764052711,0.0108848590586269,0.0125825148079167,0.0126994614238648,0.0132263198497123,0.0149093090064388,0.0131982965928974,0.0106208752292703,0.0121047271722407,0.0170103948282833,0.0262497019675155,0.0276183933778594
"q_11",0.00101989916236715,-0.00195493108700845,-0.00334176574062849,0.0028712612827091,-0.00531559432781405,-0.00779244924990694,-0.00268262816722261,-0.00633934372357226,-0.000707717254349779,-0.00659336051065274,-0.00469859397401939,-0.0173674606934017,-0.0121042308301357,-0.00961844972492694,-0.0109744108904175,0.006459915468689
"q_5",0.0109710240906403,0.00549956869240631,0.00211120010642646,0.00230391952482233,2.15833671914609e-05,0.00183884260891586,0.00206945255974343,0.000780076125490611,-0.000255707224353672,0.00204579467992007,-0.00156084918943831,0.00918679011337544,0.0089404300764909,0.00948688503732942,0.0166814132168757,0.0178254321812571
"q_6",-0.0012552739788718,-0.00042562937612261,-1.86930226307537e-05,-4.2543229148527e-05,1.51296661238162e-05,-0.00111186133172554,-0.000626202143492865,-0.000619567444236547,-0.000301268352309201,-0.000739413198382417,-0.000685946290116302,-0.00245636807321179,-0.0023029341085082,2.5382998365306e-05,0.00102670142438659,0.00197536626832209
"q_7",-0.00246699714116477,-0.000945498347588293,-0.00110130908616544,-0.00158174701281664,-0.00126096384393976,-0.00193517930911048,-0.00155713420478806,-0.00217376706733793,-0.00174523583863317,-0.00303759219885731,-0.00226699634034702,-0.00408925122362721,-0.00472290089150194,-0.00553721271285191,-0.00468662711077149,-0.00526693461292169
"q_8",-0.0043639218797574,-0.00517335476978482,-0.00682990525341143,-0.0066777458315703,-0.00651294284917548,-0.00741482410000465,-0.00522572168481796,-0.00735808044760512,-0.00918230393212452,-0.0103288901444462,-0.00650612095977061,-0.00947144951024839,-0.0128115529752434,-0.0107439475859716,-0.0104142258678499,-0.010283686677585
"q_9",-0.006783182663716,-0.00919140799012684,-0.00995094916817252,-0.00809820637798899,-0.0082733082332125,-0.0127672267008426,-0.0120378304453532,-0.0132397540070287,-0.0121137919275116,-0.0149614760263079,-0.00979541105861951,-0.0105235900344964,-0.0119861879285781,-0.00789530765190718,-0.00153215716618606,-0.00826428184165803
"q_10",-0.00149785610511436,-0.00133201696923136,-0.00287947207139716,-0.00321555245950885,-0.0036628852242182,-0.00368762929926585,-0.00461945665632989,-0.00519808748689914,-0.00483354580368945,-0.00505391484115331,-0.0041259246994209,-0.00298324095667558,-0.00335428888094666,-0.00654640321474169,-0.0121823242287875,-0.0114222254506785
"q_11",0.00125276167955456,0.00215361546393883,0.00322771880763071,0.00175132464411514,0.00395662084834021,0.00780194252456003,0.00341022213232309,0.00632718991291313,0.00440350126762962,0.00853884458520597,0.00283894414660441,0.00901767764991373,0.00910241630672328,0.00842385469525453,0.00679794880450689,0.00198501170711761
"q_5",-0.00343647697947805,-0.00244624585920621,0.000170144567719941,-0.000216352359380707,0.00136521279752103,-0.000451311874265304,-0.00205041525571061,-0.00076379450879573,0.00262638137094808,-0.000213017919763593,-0.00153189957848545,-0.00788121283274794,-0.00526179556258777,-0.00930327395564837,-0.0114527345638619,-0.00938622694932864
"q_6",0.00206004970657495,0.00114659895478725,0.000835943884593803,0.00057430093427254,0.000564789540768167,0.00107263836696872,0.000937559506645498,0.00114436658416791,0.00114097590284611,0.00156189815031623,0.00141786320874157,0.00412795696074715,0.00401405883560315,0.00229091585641439,0.00109523818360218,0.000240970283442884
"q_7",0.00118157628226241,9.01201299197593e-05,0.000182408896826682,0.00100727632959946,-0.0014552627282455,0.000468288575873997,0.000751350351515999,0.000971333999243382,-0.000384970260927755,-0.00119928526119792,-0.00215413975178703,-0.00188469931245997,-0.000828328299398108,-0.000771420219275281,-0.00124456998140529,-0.000664539435468292
"q_8",-0.00118600188270487,-0.00136163967111017,-0.000512314921947323,0.000313043693196116,0.00186498603356835,0.00115144452437977,0.000419289886826845,0.00108151517199941,0.00416188881446232,0.0055432988229894,0.00221177391657261,0.00499085387673133,0.00982750099619233,0.00816254737133788,0.0113131165486305,0.0131817486676386
"q_9",0.0092064702054499,0.00854276651702434,0.00841347310181161,0.00948014343696729,0.00924561822999434,0.0115439037507285,0.0106157358138031,0.0102406695307939,0.0123979512803978,0.0177560356047022,0.0142602201903453,0.0147863253234393,0.0203726253824141,0.0158529216001332,0.0122739259115779,0.0220968173952896
"q_10",0.00172209880500057,0.00183005989998812,0.00191881363876178,0.00105914846982861,0.000697328631302771,-0.000150698952643294,0.000106141339582167,0.000208450736545676,-0.000295147827473365,-0.00158472995605377,-0.00261566437807133,-0.00392767661050197,-0.00372254043473388,-0.00335555955770824,-0.00325461504891095,-0.00477130086962272
"q_11",0.00120198216266454,-0.000645631528194502,-0.00066998013810164,-0.0013767121631859,0.00192319078572796,-0.00114713781403334,0.000611036860493615,-0.00200409270368897,-0.000818082451289112,-0.00306966075113959,0.00345642395953789,0.00070713804145335,-0.000912849032864037,-0.00698165397995948,-0.00661682897034933,-0.00711653398682065
"q_5",0.000304016584627633,0.000141167229013872,-0.000264616267906976,-0.000272668535904428,-0.000626256149913864,-0.000177885900430194,-7.92658981068191e-05,-0.000235373914686117,-0.000777126551310386,-0.000219483845566035,-0.000248291140134332,0.00124996789571165,0.000814504503165501,0.00146807928259374,0.00164158782577615,0.00105857095120341
"q_6",-0.000238338322888268,-8.8514801718834e-05,-9.20034393469116e-06,2.37313673350394e-05,5.74765894203559e-05,-8.90822040207026e-05,-5.41195810904809e-05,-0.000105065075831121,-4.85759500903069e-05,-0.000136234900087062,2.7515838296769e-05,-0.000573760805465713,-0.000515215298135479,-0.000125865161505067,5.92482545134839e-05,0.000308410596392568
"q_7",-7.53618568977701e-05,0.000133604550959416,9.61939294292119e-05,-5.59783794757958e-05,0.000464733237207195,0.000107430136567627,4.39583365447631e-05,2.2676978141465e-06,0.000284987412671478,0.000392577049016093,0.000611413862845246,0.000427337601995985,0.000399607715762985,0.000246158830745793,0.000255744164832257,0.000298839827004677
"q_8",0.000216313294116791,0.000236641639856013,3.85097622974606e-05,-0.000107435070800858,-0.000347389865987097,-0.000197063893953779,-9.01770487037945e-05,-6.31893733944308e-05,-0.000541217487779981,-0.00070255216181623,3.93578340420283e-05,-0.000485451237920477,-0.0012789913369255,-0.00102377116544097,-0.0016520964459952,-0.00170411306013578
"q_9",-0.00121117543669917,-0.00110118093540591,-0.00114852656167485,-0.00138307955087484,-0.0012334216393008,-0.00172304096376131,-0.0015336436186468,-0.00142573214896683,-0.00201673129077873,-0.00283116897459245,-0.00177581723021741,-0.00212460426288441,-0.00328142868631178,-0.00263206809979934,-0.00172692830618552,-0.00345377906529921
"q_10",-0.000181963802397093,-0.000256364173534634,-0.00029852871962538,-0.000151311890912397,-0.000125360027471529,1.33620978405519e-05,-6.05372278871183e-05,-6.99910308767349e-05,9.45485159048217e-05,0.00035553487898687,0.000484154167669432,0.000778190623426581,0.000783842536565238,0.000940764701514948,0.00107835279834669,0.00133928717144353
"q_11",-0.000151592728338657,0.000137936787544044,0.000181455274545298,0.000244274968272313,-0.000450877031709241,0.000117094372530983,-0.000185820344080401,0.000483607496578229,0.000209441387438391,0.000913365029571491,-0.000497768888851322,0.00031213301494445,5.14318932299572e-05,0.00140466679719482,0.00152636930296409,0.00104721142299727
"q_5",0.00141169785234477,0.00615070515708745,0.0100503637219321,0.0124352198693229,0.0131019954447952,0.0124379097450363,0.0130396362830367,0.0104014635322161,0.00550683409451307,0.00411164937279459,0.00645712080533131,-0.00502453994729708,-0.00958085495298412,-0.0040475947764153,-0.00712242613773601,-0.010129997217483
"q_6",-0.00104852699443053,-0.00157042562407105,-0.00177353736357442,-0.00132741224863549,-0.00216358006152733,-0.000797014315830478,-0.00164056180156527,-0.00138454018609933,-0.00128218979669534,-0.000170783704681735,-0.000944478406918588,0.000293100995601211,0.00131763902771215,0.000692210019118345,0.000794542219040512,-0.000350111809614051
"q_7",-0.00104520045307987,-0.00184463907429535,-0.00141880435165416,-0.00136520133948834,-0.00248780842307486,-0.00243775889465927,-0.00312973954383166,-0.00150511221843118,0.000528129323104896,0.00290797659129576,0.00181007470389409,0.00439124918968354,0.00457382793623744,0.00749229038258566,0.00563652405658567,0.00343331524719724
"q_8",0.00282250014024584,0.00295004995068254,0.00416473023369269,0.00585241991728064,0.00460707057362834,0.00514084423314998,0.00410002089817701,0.00613491216619061,0.00685910629947255,0.00731728557582508,0.00337846057138388,0.00636030642822126,0.00933299119794094,0.00558265822122962,0.00449251173858965,0.00496882584206162
"q_9",0.00756708859864295,0.00655342076721424,0.00566666378297593,0.00267002729927748,0.00167143025406407,0.00590596778893202,0.00395511374933396,0.0061060161501605,0.00248790550845498,0.00364714200734979,-1.4700321237857e-05,-0.00268130841313971,-0.00693961872439887,-0.0109677330230948,-0.0213962373817519,-0.0230318467257353
"q_10",0.0018477904809134,0.00126036360700305,0.00303729748630095,0.00438492517210813,0.00488742404025717,0.00537633933831834,0.0069750942898317,0.0075236336025555,0.0074382063078057,0.00767361781108993,0.00723276172690482,0.00804553879525987,0.00902039123595094,0.0123381846042976,0.0159695823898448,0.0169493701991497
"q_11",-0.00279928028799581,-0.00138273453801479,-0.00270627132392819,-0.0043986222996911,-0.00364849481701396,-0.00574993281761403,-0.00228603959220481,-0.00275145141870671,-0.00591903949963098,-0.00978423651828272,-0.00968844558101151,-0.00554924341054516,-0.00490388749199064,-0.00117535701072696,-0.00234162865029317,0.00689378256240789
"q_5",-0.00833135371586227,-0.00659290296001381,-0.00954936998426493,-0.0111387211997542,-0.0122005624757662,-0.010545941092036,-0.0116823100932081,-0.0145902356027007,-0.0164376505916654,-0.019668231185345,-0.0210118621308691,-0.0247473546960535,-0.0281892189757808,-0.033356312038726,-0.0310036503378145,-0.0328137159913112
"q_6",-0.000922026405580413,0.000511511815415073,0.000293524234426693,0.000903875093095534,-1.56729604616203e-05,-0.00011945836785591,0.000174435863478372,0.00041122663378182,0.000285087232234963,-7.58283721593937e-05,-4.84388932980899e-05,0.00094374825671686,0.00153493322630358,0.000314743873533632,0.00133747344792064,0.00198639914679565
"q_7",0.000250380558430294,0.00103284585286846,0.00138105321803373,0.00204306532653711,0.000983275664685245,0.000524435976160983,0.00125754373482837,0.000469456933914836,0.00153032788516709,0.0012741032574669,-8.09741403470529e-05,0.000476754909444007,-0.00136104448510529,-0.00190370627383139,-0.00278310680895594,0.00119433774442266
"q_8",-0.000453777508619727,0.00158276970224543,0.000829295878155987,0.00267849543429575,0.00216757445728759,0.00436756367866389,0.00393271238762556,0.00332384697715159,0.00521303243917066,0.00465745678956843,0.00418930312287047,0.00627857262925677,0.00664349594643738,0.00489233431814558,0.00410677766679467,0.00267187337400864
"q_9",-0.000921960251412544,0.000307466772968493,-0.00310230496669925,-0.000585838587714574,-0.00182537302668522,-0.000964560302125975,-0.0016924227561799,-0.0006949111291695,0.000652965855220591,0.00264129223263946,0.00281204392679093,0.00270862562532549,-0.00137821921968194,-0.00296016508065427,-0.001022878574564,0.00426528558530969
"q_10",0.0011001479627679,0.00148798130775901,0.0014730732447641,0.000641519856526624,0.00152955062959062,0.00120524913071125,0.00203449389617048,0.00177342049763174,0.00168028271009534,0.00174246300720104,0.00101685463697966,0.00201222147549282,0.00275661431920077,0.00439726219279409,0.00477195905562998,0.000522995284473985
"q_11",-0.000536445898760584,0.00207289561552554,0.00485593448905323,0.000932920661136821,0.00440058363637818,0.0020891894493565,0.00226657645565834,0.00263745716671103,-0.00236277215082037,-0.00120008591305155,0.00166259007939705,-0.00222376139115902,0.000566892692833853,-0.00175050326356893,-0.00174281626104857,-0.0115390240371927
"q_5",-0.000862840963279629,-0.00160858288546461,-0.00224092323603115,-0.00273672836721243,-0.00291436765751185,-0.00268461301507694,-0.00291963249061589,-0.0026088653040364,-0.00163153002027003,-0.00146374233929296,-0.0018728458444088,0.000410539888609367,0.00138730545326787,0.000178816926033202,0.000735467115938752,0.00105912192997017
"q_6",0.000158536779451675,0.000261918998294265,0.000315384037859678,0.000242910496834195,0.000363965333588721,0.000130885994996306,0.000281301016470654,0.000293381455434061,0.000224926828808791,1.23376263987214e-05,0.000186342693507473,-5.23714163774079e-05,-0.000250488927221342,-0.000133778693339302,-0.000239187026274706,5.68520830673096e-05
"q_7",0.000129035126450077,0.000321196681184456,0.00024087155818642,0.000258407692220942,0.000470706067558242,0.000468360260539383,0.000592986180272556,0.000361965215671441,-1.12137901964646e-05,-0.000486413804617982,-0.000230016417945246,-0.000722340502548736,-0.000796879253530338,-0.00133745280788922,-0.000911293199119158,-0.000424842901215388
"q_8",-0.000447708251411104,-0.000333115171355808,-0.000588803672494548,-0.000843948194758296,-0.000673867287629262,-0.000746649685569685,-0.000645934863616464,-0.00103854065794338,-0.00118640403674124,-0.00134860077891692,-0.000451942178097317,-0.000959193648591432,-0.00142293781169419,-0.000740184191193045,-0.000456472650530435,-0.000549312174168314
"q_9",-0.00128158265419327,-0.00103671223447857,-0.000989171537045466,-0.000399564401173254,-0.000259730913383821,-0.00101728535131683,-0.000832238779059566,-0.00115068926918879,-0.000313070767486189,-0.00036075500610885,0.000585165361107192,0.00126933444223567,0.00220759841564973,0.00316154416814801,0.0051131881505425,0.00537635994569179
"q_10",-6.95136638783995e-05,3.18694289929409e-05,-0.00026359700845915,-0.000424650209561655,-0.000557904588151804,-0.000663738063339981,-0.000871820615949012,-0.000998169041232727,-0.00102046250419593,-0.000995150895705435,-0.000860834040020757,-0.000899877265632096,-0.00106130325777238,-0.00166203841324004,-0.00237516953299457,-0.00261414836397839
"q_11",0.000514525174793466,0.000113550590950871,0.000469890363377647,0.000755252363567259,0.000659943081214551,0.00104863400390891,0.000542842455740478,0.000284851868970847,0.000737348419973873,0.00145788666873637,0.00158712769765409,0.000594091751766439,0.000480973468758176,-0.000412043635866904,-5.74159231865598e-05,-0.00143088529107454
"q_5",-0.000564923392907486,1.52340567345736e-05,0.000441050674431884,0.000506273933062573,0.000873729473530623,0.000475137934259402,0.000562714248264623,0.000681674774505191,0.000770428951447081,0.000451552685046506,0.00102418310662429,-0.000671427676231865,-0.000776250501054086,-0.000763995142881654,-0.00145484906210426,-0.00135934991759756
"q_6",0.000180412793854941,3.52574870251721e-05,-3.79365466196855e-05,-4.65749557418788e-05,-5.49206194477763e-05,0.000127542122446324,4.25020803529083e-05,5.4630494531235e-05,-4.60415621135437e-06,6.19259101760005e-05,-3.69517713595099e-05,0.00028237007680844,0.000259549687792485,-0.000115086113943053,-0.000220951642493138,-0.000441046753565712
"q_7",0.000223138863527683,-2.41876750113115e-05,1.05012794468186e-05,8.19273927874463e-05,-9.11906786236929e-05,6.39265528163786e-05,1.24977760280558e-06,8.96725066010881e-05,7.13594099636364e-05,0.000221677458796058,2.50303824364341e-05,0.000266479448657381,0.000333048503736816,0.000498621649302598,0.000303981024838128,0.000307667325253479
"q_8",0.000528780497330359,0.000514639575403604,0.000809154794763452,0.000848316470243111,0.000868208230340038,0.000927976101389267,0.000674525591511156,0.000941795274550999,0.00119376565005198,0.0013621102308391,0.000618334618412101,0.00103299175757319,0.0015361220172815,0.0013108979911737,0.00136387988812999,0.00126431191575566
"q_9",0.000809240070325486,0.000937839240474324,0.00110285038469922,0.000923346330141895,0.000938063565058374,0.00163319646118316,0.00153389673804892,0.00163943605647812,0.00159653129404185,0.00193230700924428,0.000898859985915248,0.000935975173671222,0.00129051848592461,0.000655660235328057,-0.00039181934434295,0.000774401562931322
"q_10",6.93607538077519e-05,6.63511534996923e-05,0.000270158619347362,0.000279107045729789,0.000366359931897941,0.000349751142380372,0.000464373554556352,0.000558447295009619,0.000462760534435026,0.000441893713238071,0.000332649710370726,0.000175170326127813,0.000147924898734334,0.000437967306634569,0.00107375298870611,0.000930280734271297
"q_11",-0.000153668987762934,-0.000194011982067792,-0.000405761984816562,-0.000255475595531764,-0.000395819697197893,-0.000969805113522468,-0.000353227660637972,-0.00081618154805274,-0.000614758882569913,-0.00126529279836876,-0.000311204414004111,-0.00104248947810636,-0.00113763586537617,-0.00114098305033616,-0.000890326318301934,-0.000207802206792028
"q_5",-0.00536176183292756,-0.00275583219595355,-0.00390818717046328,-0.00509072946285967,-0.0054244177157127,-0.00485752255720166,-0.00595596010878197,-0.00542042513397265,-0.00512659266374279,-0.00518377214316332,-0.0069144585558398,-0.00562596152841055,-0.0033596701472213,-0.0066467175775204,-0.00876849301581502,-0.0141328916792324
"q_6",2.92329016852478e-06,0.00033853511555505,0.00101861310085661,0.000758641972167686,0.00074022703714709,0.000661284208844887,0.0003252269286468,0.000269686598075088,0.000656072099746647,0.000880198491294399,0.000286204801921361,0.000856547712876168,0.00031746902790253,0.000165687521978874,0.000654239067088786,3.35902602234447e-05
"q_7",-0.000147689777918147,-0.000577984692777971,-0.00118775035384497,-0.000376185612246705,-0.000482101070531691,-0.00037302806839689,-0.00025016231374894,-0.000483189707031068,-0.00148902997752964,-0.00149680539853831,-0.0030152506877715,-0.00335876138154788,-0.0040461904180924,-0.0029011582782834,-0.00368225621059306,-0.00378629281820601
"q_8",-0.000415093732271771,-0.000196226500188588,-0.00046027470854626,-0.000656739697905114,-0.000116646043550943,-0.00048778290830972,-0.00139998930907269,-0.000927554280405366,-0.00215664069692182,-0.000527748394517125,-0.000240809644347904,-0.000392004425381573,0.00204016886396144,0.000540685352368402,0.00164934443799758,0.000607655058670953
"q_9",-0.00133099743403603,-0.00162607315881829,-0.00225112325936478,-0.00280215177706268,-0.00301607854121448,-0.00271844066661755,-0.00389270998930939,-0.00434238731342876,-0.00664406549704322,-0.00636643083585821,-0.00610333795767626,-0.00753366104835371,-0.00838203042748348,-0.00680503716632949,-0.00965349690247342,-0.0113355277111933
"q_10",-0.000674276898249603,-0.00156102704416876,-0.000963335056318678,-0.00123083734166977,-0.0014709252813547,-0.00196428473957651,-0.00277887087040481,-0.00242717539105433,-0.00293715166841609,-0.00385488722062692,-0.00402129006272653,-0.00499755715981069,-0.0050768913557337,-0.00510290449539961,-0.00603916141968818,-0.00685815519527178
"q_11",-0.00135064627018611,-0.00186097889177492,-0.000656350961001666,-0.00317518843997382,-0.00109289747216348,-0.00174192199858377,-0.0014180763730057,-0.000851209655183774,-0.00165763619163201,-0.00043119253817848,-0.000812230227652041,0.00082802832507438,0.00219236744907652,-2.04918973735305e-05,0.00167358629863413,0.000432258762134318
"q_5",0.00409394695117492,0.00254267941321803,0.00386605540844714,0.00262021633140349,0.00246381095945105,0.00273865138382617,0.00350989912189742,0.00388596206761291,0.00308181485759942,0.0053549166860576,0.00684244679168799,0.0084348478767148,0.00937964122154131,0.00771833067340914,0.00601032882115277,0.00731677981115012
"q_6",0.000447916596226414,-0.000292271478768084,-0.000140116776205552,-0.000367935244957317,-0.000373108653637898,-0.000226304120524536,-0.000580360174857682,-0.000626794195593866,-8.66321404901218e-05,0.000104427106854628,-0.00069704979870793,-0.000883883865241443,-0.000950275549970543,-0.0013300824160192,-0.00176174966065944,-0.00146282718311037
"q_7",-0.000608501932758502,-0.00117350245118648,-0.00135060185006642,-0.000768353946985178,-0.000581272976398098,-0.000108955998186123,4.15674153963362e-05,0.00109196000445206,0.000857611248650866,0.000785872214700781,-0.000667128693472636,-0.00132760773383609,-0.00224324578819926,-0.00177260337759506,-0.000719110946252664,0.000444637817823605
"q_8",0.000945244296530887,0.000781705364894705,0.000757320480890251,0.00107227803770759,0.000321692384740135,0.000429505628499575,2.31433248217332e-05,0.00142566685564865,0.000989297947034911,0.00189435146513092,0.00205454052497065,0.00223190444599704,0.000932732288575376,-0.000674017700673036,0.000356180091612691,-0.000820497372710442
"q_9",0.00208512590624608,0.00185117497044431,0.0018260449877532,0.00152466115726967,0.00125628358273644,0.00228952450092534,0.00280209097148769,0.00354161846055894,0.00377723050811028,0.00281570695170442,0.00174472474091026,0.000988945634479078,0.000664528407419508,0.00169139288999736,-0.000222319509743642,-0.00093487091306312
"q_10",-0.000872280368875603,-0.00123589056134277,-0.00153400059219021,-0.00164530726415344,-0.00176251762041303,-0.00186695033993697,-0.00277194851970943,-0.00270845485079955,-0.00340509758325239,-0.00395137709299782,-0.00327594968823784,-0.00333676749566012,-0.00392574257210544,-0.00418990425460825,-0.00450009408980788,-0.00526892241410763
"q_11",0.001047644122892,0.000837769924948921,0.000654630279017864,-0.000204123929488224,0.000165847670620248,-2.38849745212568e-05,6.41924705650228e-05,-0.00138581494483359,-0.00186007905181046,-0.00281759064663067,-0.00147360368226197,-0.00112239178265558,0.00108969698107676,0.00116341609211677,-0.0020619827441242,-0.00875258723200968
"",0.255150942614771,0.576026753824739,0.34859149728743,-0.184780223889355,0.837222534051742,0.672340805657183,0.997675824324497,1.6206403369316,0.8497096651454,1.48404023661301,1.52197495195492,1.74902169718764,0.026532475080169,0.722910779005047,-0.220292341027306,-1.33651444563011
"util",-0.0231142525158783,-0.640295526326959,-0.581195264632126,0.342506374506456,-1.37619842312784,-1.32221810864418,-1.97190271557671,-3.38108116927753,-1.78305536208072,-2.96606133937371,-3.33635159979618,-3.4933483156749,-0.330558629401146,-1.48029183725415,0.152162333085168,1.83396369227506
"util",-0.000487778307443236,0.35369726167546,0.373977783869781,-0.151635110144047,0.841660681890228,0.876198332291597,1.28461470272288,2.32220522802945,1.19100305870976,2.06160095375329,2.44160426538508,2.47538137616551,0.340938461939182,1.1266712640416,0.0313221212744799,-0.991483570999441
"util",-0.000563854144389379,-0.0599857694823913,-0.0640178290558649,0.0310110543565789,-0.16236204237709,-0.177154283650351,-0.264035117344431,-0.509084643036735,-0.243727258292434,-0.470577684484419,-0.572271146449987,-0.574783022849499,-0.0790621994766712,-0.255704299422855,-0.0105479800893845,0.209826873792672
"Z1",-0.0720261457958082,-0.0355839799569346,0.0505436231710269,0.0352027125918971,0.0223960260681975,-0.0125929158162182,0.0499207738311123,-0.00839395502417414,0.00185393766150942,-0.0337911119861531,0.0665627475398922,-0.117851411639177,0.0926083889013128,0.0611353150699815,0.00873372289561733,0.200973205434204
"Z2",-0.0791886551099973,-0.168910954017777,-0.0793415765330502,-0.0862045837098125,-0.155781181451233,-0.0791773438099844,-0.172168298493394,-0.0496343966640845,0.0122553032101942,-0.192725496907408,-0.195113252875154,-0.0717511735499341,-0.131811802108311,-0.275711834431982,0.102169068647247,-0.0023936734576724
"Z3",0.0117107359021208,0.027686719504962,0.00763298609491156,0.0101642023362701,0.0227237179326146,0.00906623490407847,0.022792813735922,-0.00162034688766407,-0.00550545880322717,0.023046524127353,0.0342595258311777,0.00656999786736702,0.0261100496352747,0.042015148637343,-0.030222584403373,-0.00474435464913773
"Z4",0.0300536662841016,-0.103321439824541,-0.0851313628127035,-0.0191663527563655,0.00417596039031794,0.0858852765528171,0.00725597034341518,0.152837787393232,0.0124824604494837,0.257397391009687,0.120386979174683,0.16929060711577,0.24850478977983,0.161255199330765,0.0790029440784337,0.0734329171712347
"Z5",0.0112145796530019,-0.0942267327428323,-0.168089009620876,-0.0981466171191989,-0.0634331936560547,-0.125042937696168,-0.16468483172517,-0.0836842003581189,-0.184826652682891,-0.00247632390647892,-0.131877822669333,-0.0704877785258283,-0.12634895795248,-0.0419918820683058,-0.0419150948888064,0.017874190624671
"Z6",-0.00505669243207849,0.0125897780525662,0.0164548401116819,0.0115367460556438,0.00779184158734605,-0.012676457725123,-0.00500883402630023,-0.0184439005269088,0.00111429795056656,-0.0425226349710446,-0.0167822123659813,-0.0248202410683309,-0.0413889565153732,-0.025643891001287,-0.0193760854397598,-0.0162238274103667
"Z7",0.00314605804839778,-0.0017940549106382,-0.0064615759607982,-0.00885632388062578,-0.00918881473141297,0.00249634043746213,-0.00654774363210299,0.00257654063565038,-0.000627705022443626,0.00105954393065614,-0.0158628038611838,0.0110403154356564,-0.0175936147557023,-0.0161942556194804,0.00446967846983638,-0.0235661029743939
"Z8",-0.00122155056464763,0.115457292928685,0.0842190962460391,0.0514135112055027,0.0885362508368705,0.169853922274112,0.164295394436114,0.110114240543722,0.184673842133323,0.226616639307721,0.148575617731121,0.154274296345999,0.176352946085157,0.340498059059079,0.237498936260286,0.330525317794911
"Z9",-0.0426049699243316,-0.1514780266125,-0.0111657698036988,0.0508824282682502,-0.0255964025286148,-0.00129330955715379,0.0345052036959152,0.00214196446320387,0.0437702187609165,0.00331830264221472,-0.00514103212836995,0.0794375862390796,0.0820249551498626,0.112931448566492,0.136634981541627,0.182333558734696
"Z1",0.0260774373572629,0.0122678957762706,-0.0278414329118073,-0.00786674949699517,-0.00392207838170107,0.00568357626740477,-0.0165700314175029,0.00797393693636877,0.00868449387705929,0.0137307716043792,-0.047494936830542,0.0238433863697707,-0.053405665479647,-0.10367910679158,-0.0505408467377463,-0.110933701212777
"Z2",-0.00340523574062648,0.0174323286961164,-0.00741868932515353,-0.0180274725303899,0.00367787568163765,-0.0166339747463893,0.0303245710240904,-0.0337840023876334,-0.0769275005339693,0.0514316328695846,0.0521835869299021,0.021936858796541,0.0417686441158194,0.164398560960317,-0.0263679392712969,0.00195137320539116
"Z3",0.000661309155452496,-0.00289104671808737,0.00267932965851312,0.00467560355981903,0.000723194622674853,0.0034281049127752,-0.0033920955649552,0.00859978720941915,0.0115891261771558,-0.00849793685979929,-0.0139545632997209,-0.00566270502715584,-0.010657994960071,-0.0293373628924374,0.00609314055887646,-0.00182956097155815
"Z4",-0.00758516273163249,0.0344756604151561,0.0386222104032443,0.0146440105390512,0.0268036265145807,0.00263454416632876,0.0444683451121486,-0.0196738963081091,0.0428233393819021,-0.0898945420651576,-0.0100166109084553,-0.0247025867715755,-0.128269481897634,-0.0247631210094485,0.0209407176901649,0.027836197629602
"Z5",-0.010613368289769,0.0248604187187435,0.0486593973367636,0.0215748020322724,0.0103501785626073,0.0237740047668114,0.0568930477658493,0.0205999657554722,0.0526100561504491,-0.0271038670270324,0.0501441344266541,0.00477772064134515,0.033001636725905,-0.026349166708505,0.0108800359497796,-0.0174071028491069
"Z6",0.00196879349073584,-0.00254497771506619,-0.00700432960796095,-0.00482824666274835,-0.00742867802323261,5.0765946346978e-05,-0.0041694548282262,0.00137389307689104,-0.00668510911238868,0.0158078772143789,0.000288251874366153,0.00234135348956426,0.0232371222897245,0.00243748029325636,-0.00362107304210006,-0.00592654703223128
"Z7",-0.0026255114317572,-0.0019540458626142,0.00173041522504966,6.22192010281477e-05,0.000463321992403223,-0.00319798624617489,3.12696772642374e-05,-0.0038388261429721,-0.00305015365506632,-0.00110336287895712,0.00884773725145293,-0.00141731236682623,0.0063776042259582,0.01620996481787,0.00396214817912436,0.0126690417235638
"Z8",-0.00475370050610569,-0.0466183169393295,-0.0349102026438065,-0.0221004793150203,-0.0287881211392419,-0.056908529372968,-0.0558802640161112,-0.0388538612569559,-0.0766298989956501,-0.0864786948291815,-0.0443609712571468,-0.0336358212181959,-0.0255038126947364,-0.100245334156431,-0.0329946436255314,-0.080742404991969
"Z9",0.00999413288854962,0.0569518419614696,0.0100101628736977,-0.00927872292053809,0.0264329330024374,0.020419529855492,0.00552727899498759,0.0230291152545473,0.00913792768410139,0.0452500676237711,0.0481698774739949,0.00826797122538166,0.0153348306579689,0.00999139266845285,-0.0111571280991762,-0.0464967540222701
"q_6",-0.0835842420454087,-0.0702949200888278,-0.0623354915336611,-0.0660779039516849,-0.0703491941321924,-0.0694199905281332,-0.0724954422541006,-0.0731860420270981,-0.0725741623327067,-0.0793588661924325,-0.0827449894617242,-0.0814063937470665,-0.0830799443891371,-0.0804484558342874,-0.0741150160852777,-0.0722940696223055
"q_7",-0.00386559221618555,0.00926702202701493,0.00424385253744758,-0.00242544038133139,-0.00246874843305019,-0.00140637302637729,-0.00183571936222906,-0.00837803724570453,-0.00662087717471539,-0.00617329078303225,-0.0076552312916321,-0.00323042921299432,-0.00957016352447564,-0.00378982279732336,-0.0120514828620836,-0.0332955937442153
"q_8",-0.00167347567571001,0.0242764457199855,0.0130453743619687,0.0179324789097423,0.0195504125847757,0.0168208890738605,0.0165151598626157,0.0209157575374856,0.0211225231606225,0.0234154801892009,0.0254928974350269,0.0358497003542512,0.0428932027387444,0.0515576864522962,0.0387042755091428,0.0350645435878752
"q_9",0.0256989765027172,0.034316509518966,0.026211232079815,0.0232222990374503,0.0281381617928029,0.015814363218227,0.015631864396065,0.022574638419592,0.0185021447420676,0.0185296106482038,0.0164152178960046,0.0140900880512685,0.0031417013803157,0.0104206450827911,-0.00978374939604866,-0.0281817236143279
"q_10",0.00964929429552856,0.013487451883039,0.0147152950159378,0.0117805196545242,0.0105212608343103,0.00931163865161315,0.00246577226855073,-0.00111901947537714,0.00358280030857556,0.00278056029388507,0.00178433329693797,-0.00377107091398843,-0.00451251003868073,0.00549906470594693,0.016154010007743,0.0210658004015461
"q_11",-0.00320519254798362,0.0231929061911186,0.0401907424009188,0.043317608504003,0.0339675956844928,0.0399298695078879,0.035378552112495,0.0383835807429908,0.0472008765811794,0.0328587457445134,0.0254816868973182,0.0204997290515315,0.0330307114258592,0.0061884578416927,0.00619993234962415,0.0177001798856895
"q_6",0.0173582106670345,0.0140544112880253,0.0112457049515467,0.0108235075402447,0.0125615745016285,0.0128671962963163,0.0140297933350882,0.0140780018405532,0.0132014317698787,0.0169247029215326,0.0212693089877779,0.019893525185527,0.0195407254554231,0.0169355733606748,0.0141463628419346,0.00862034853412208
"q_7",0.0037136974984832,-0.00117662391587931,-0.000736147060066363,0.0028093774502496,0.00351465447539955,0.00141150030808157,0.00357116144484727,0.00667851533361011,0.0080792353153315,0.00873716647326665,0.0099920446264058,0.00365600290161456,0.00801546854300433,0.00689975484291993,0.00585692345668672,0.0150031516721259
"q_8",0.00627650493061488,-0.00471822441801462,-0.00484332968586505,-0.00445809122625993,-0.00776095620105411,-0.00701893385522271,-0.00720992067243504,-0.0127532631320585,-0.0102190324116147,-0.0117999449444414,-0.0163162977637393,-0.0226864603575817,-0.0265227859196848,-0.0334539823650789,-0.0253744418167632,-0.0145473818985317
"q_9",0.000985747099720896,3.01711718136671e-05,2.76385179282137e-05,0.00386140137393187,0.00434047250515532,0.00122863284350784,-0.000287415257312928,-0.000860388936952968,-0.000500708824774301,-0.00183792195793718,-0.00165828461074875,-0.00891504903991689,0.00269460507943698,-0.00811052487448034,0.00105256619072026,0.0193270255418141
"q_10",-0.00461133952275799,-0.00392748046336837,-0.0038774780118277,-0.00319198981711026,-0.00274742152384296,-0.00317604968352519,-0.00256722183826203,-0.000291629849115943,-0.003493523493117,-0.000191613268188064,-0.00312664228794494,0.00166185270300471,0.000687772480481975,-0.00907084910629871,-0.0108074565561552,-0.0188391520363671
"q_11",0.00217208248846487,5.52623225651977e-05,-0.00475253991922831,-0.00708212275210429,-0.0028441072620655,-0.00116022401550349,-0.00490974408069713,-0.000569555853818211,-0.00300729972451711,0.0010229043690623,0.00221315830010082,0.0083437168978685,-0.00422492523864021,0.0153042910469376,0.02582664820528,0.028335624060776
"q_6",-0.00319858678121731,-0.00385873160325598,-0.00484507409708037,-0.00290495908809245,-0.00265968513308361,-0.00609759649003788,-0.00750576126116542,-0.00706925887249281,-0.00726371999679101,-0.00917533145823169,-0.0138077125399852,-0.0137647353317343,-0.0121801614205694,-0.012754094331482,-0.0117814479529701,-0.00538535099035127
"q_7",-0.00349070531243194,-0.00440865363681145,-0.0038045946886632,-0.00399100757778725,-0.00467641768437646,-0.00230385821711652,-0.00531912337749582,-0.00577715067015344,-0.00797855851182774,-0.0130624675724962,-0.0133668252255743,-0.0112246729181031,-0.0112948404773364,-0.0134476655908621,-0.00406822737147232,-0.00432562505153441
"q_8",-0.00288256822439048,-0.00534232991711652,0.00276638239897015,-0.0026189759007157,-0.000115961797160972,-0.00363557755568925,0.00123677860706785,0.00359565487844061,0.00222454709477156,0.00569723452167835,0.00988150456725146,0.00985767072638993,0.0151547872491891,0.0176941617169565,0.0150016130113074,-0.00468187823927314
"q_9",-0.0158245280640976,-0.0216355148158123,-0.0168358851727996,-0.0210783207041507,-0.0308942144191268,-0.0188679453083898,-0.0162850351439613,-0.0174318349678865,-0.021063626209307,-0.016750321548324,-0.0135508763008903,0.00750657965317502,0.000319903284306064,0.00767240312471558,0.00594473937100572,-0.0100453021674424
"q_10",0.00519162000354508,0.00263619614398249,0.00134424531573086,0.00342574476910821,0.00368387978127466,0.00586005214936786,0.0103259556732617,0.00915840442116943,0.0109402847638029,0.00922918770139234,0.0140240726162071,0.012970596954949,0.016951228786728,0.0251303953130738,0.0161747176087471,0.0260011558173665
"q_11",0.00351029587689193,0.00731746913901011,0.0023461179556864,0.00275566733158008,0.00546991347985942,0.00168641933503859,0.0129818045900789,-0.000819586333319586,-0.00407316266985802,0.00989179257938743,0.0109947425183848,0.00864106785966377,0.0150119029807431,0.0054048147425643,-0.0302583077366291,-0.0439739586545515
"q_6",0.000561298062598119,0.000604813700984303,0.00065336641230704,0.000323304024802688,0.000224380870133163,0.000722496868235028,0.000886107352492895,0.000656403771662456,0.00051454848797695,0.000738243086223238,0.00172127042036955,0.00159289134159006,0.00151294517053748,0.00166389760203707,0.00143673717717218,-0.000329576865078307
"q_7",0.00074047154256131,0.000934306131852709,0.000818898720602306,0.000888477638397059,0.00107621472853219,0.000653510189207067,0.00108517828732256,0.000918555369682018,0.00147160824033173,0.00219434417471384,0.00263603100726677,0.00210229412032282,0.00254836774170238,0.00242072186715571,0.000558875942062186,0.00107657631446922
"q_8",0.00115561628541687,0.00146089444977372,-6.79483031704512e-05,0.00134802376161333,0.000750541760533262,0.000889248927604119,0.000109399819320903,-0.000327211201705977,-2.35644223438894e-05,-0.000710963606562751,-0.00134228337375688,-0.00144690248402169,-0.00208881126482946,-0.00284364555449185,-0.00211719498025691,0.00203852334777226
"q_9",0.00217003593672774,0.00306542861231402,0.00180375642978353,0.00241444488686886,0.00429320416801573,0.0023705062221607,0.0018185568744903,0.0020525638860319,0.00293540388964404,0.00197237314677853,0.00117905675731137,-0.00292497548859561,-0.00126649201073001,-0.00264467543998129,-0.00255789634699992,0.00108665622688457
"q_10",-0.00104457427335672,-0.00062439043606792,-0.000283854684945509,-0.000697655289548191,-0.000633427993221521,-0.000925298530336318,-0.00167353000855541,-0.00142231767541793,-0.00195565531232607,-0.0016081787841978,-0.00268750202576519,-0.00197931581926922,-0.0030982739539535,-0.00455906701904843,-0.00266729884699017,-0.00512837119877482
"q_11",-0.000352703954113861,-0.00111975633768638,-1.87346466286016e-05,-0.000365096687747347,-0.000621681994656445,0.000207907325182102,-0.00143761133842699,0.00131537527165462,0.00192990079690118,0.000523050041041332,-0.000669690625404082,-0.00047151984841818,-0.00283741030934082,-0.000379928536817374,0.00708451972830885,0.0108571091204724
"q_6",-0.006572592067428,-0.00527013339170957,-0.00547345884533983,-0.00497292978869774,-0.00710961037852616,-0.00525436305576887,-0.00549144919746702,-0.00624336264120579,-0.00486608417395668,-0.00562996812635566,-0.0114024308997954,-0.0144748754760719,-0.0142625237281918,-0.0151333366471988,-0.0146287561596108,-0.0155593598823725
"q_7",-0.00344692941196387,-0.00415500075464568,-0.00232802769781699,-0.00390560690498866,-0.00491492746900382,-0.00157775623525306,-0.00418358305612312,-0.00209450300946367,-0.00970748816513767,-0.00686605121712446,-0.00840476596896046,-0.00361666408457041,-0.00571458523147259,-0.0116293000245119,-0.00576136133343181,-0.00495781859275429
"q_8",0.00344755147591538,0.00269123998061641,0.00517125906247319,0.0114853957553808,0.0152912600201276,0.0180432288278989,0.0136295377627546,0.0289491450833954,0.0223434175711835,0.0163497471252014,0.0232010530248425,0.0277485574982397,0.0251216436958413,0.0406378007618705,0.0317962492285853,0.0319922524443389
"q_9",-0.00673308171346577,-0.0134346819424387,-0.0071218037958886,-0.00688051153994215,0.000825499928284425,0.00685847332503883,0.00986975938950511,0.00349267727852178,0.00860452363594461,0.00994790713181932,0.00897441971487086,0.0136927145334475,0.0171419519272404,0.0244172422681094,0.0280732696792437,0.0311079139357392
"q_10",-0.000116510885923772,-0.000234148023489151,0.00191470760780169,6.64353358801884e-05,-0.000869949548464654,-0.00124265646744176,-0.00081678880840319,-0.00387193766537101,-0.00113528362560412,-0.00515200382429411,0.000456086992795903,-0.00471200619580176,-0.00521847983338581,0.00400537555278257,0.00696608459917251,0.0100943574584293
"q_11",0.00289699103297594,0.00763741041772826,0.0082150591357088,0.00793517908538962,0.0034845928703218,-0.00166679989234856,-0.00336341129916666,-0.00955074423453106,0.00294686738433565,-0.0179448723182059,-0.0124903251382055,-0.00324182829557981,0.0212718931040214,0.0101627478379548,0.0145126152970638,0.00927628489144644
"q_6",-0.00302565034876126,-0.00445687773724241,-0.00570490041460957,-0.00791083644050073,-0.00909399443394089,-0.0109872784195834,-0.0125688633404543,-0.0136141545880691,-0.010949149864096,-0.0101876697831505,-0.0114754634989223,-0.0096547232510508,-0.0112495186745872,-0.0145810683135085,-0.0148534502562275,-0.010637262955844
"q_7",-0.00378360910664471,-0.00352583064997157,-0.00359730396416572,-0.0022638043918653,0.00160421166873763,0.00139447739827324,0.00699057753695576,0.00873851865851508,0.00725097116611951,0.0102840993078534,0.00413104279447967,0.00530821833135041,0.0047269374830649,0.0111056386312589,0.0151275353083162,0.0102621389383889
"q_8",-0.00854895019596023,-0.00309789949900386,-0.00646805175580338,-0.00330272018089746,-0.00354461706839225,-0.00474667477128601,-0.00293568411293429,0.0013358464086838,-0.00420381951665152,-0.00243448592887613,-0.00380586929694017,-0.00424698253325822,-0.00418613310077525,-0.00687762222897256,-0.00766723433221256,-0.0107379850739755
"q_9",0.000209700469562288,0.0026104595454925,-0.00356692510017976,0.000562069253848935,-0.000476573378869047,-0.0110001865693822,-0.0152026510632977,-0.0179255635079358,-0.0182853916645558,-0.0126028951187094,-0.00929967998609943,-0.00506186472115118,-0.00882944861977074,-0.00509022379790968,0.0031559445078395,0.00169404282778832
"q_10",-0.00674425786337759,-0.00705937907115521,-0.00543690492040478,-0.00308892915172051,-0.00332907484103428,-0.00314333481071925,-0.00225285471215151,-0.0038407746457386,-0.00532743754625148,-0.00717340065608608,-0.000479221365150592,-0.00439897366691514,-0.0022362055448819,-0.000939886373578663,0.000865575520918121,0.00659597712096551
"q_11",-0.000374866799726416,0.00582649407288279,0.016642186090088,0.0150770532827258,0.0145918170285061,0.0180797900234865,0.0183508294509974,0.0114433134298067,0.0177967901501807,0.00138318825131469,0.00275591338232129,0.00785416067741838,0.00585791851675766,0.0165874030760154,0.00420963214334755,-0.0112367979777087
"q_6",0.00113815368292881,0.000682987072981436,0.000602754095222354,0.000627962954941243,0.00104081504327836,0.000658579690258545,0.000675231336788531,0.000869392896396448,0.000725942301719781,0.000948724006316602,0.00224173574680783,0.00290942184082316,0.00289223776473745,0.00337462206960081,0.00316165497751768,0.00339597618564267
"q_7",0.000827397997358799,0.000750932895302992,0.000492409971544218,0.00102392225409917,0.00123505062102415,0.000658057315396401,0.000986314803744831,0.000925372967674685,0.00237870734785836,0.00182129347613038,0.00220185482359534,0.00107588241842605,0.00117016913872311,0.00207182821160873,0.000909164541741485,0.000942202654314097
"q_8",-0.000382955499465594,-0.000321660066670867,-0.000946303713590146,-0.00190891462834979,-0.00258417973388418,-0.0028612194875873,-0.00244132459956075,-0.00479597408598064,-0.00369256779340673,-0.00280625725067467,-0.0044218839926478,-0.00518552889903278,-0.0043506737669374,-0.00745982490976297,-0.00606483798149701,-0.0061687950932522
"q_9",0.00150869756874766,0.00206743161171382,0.00107172023205799,0.00128113551381034,-0.000183232075734763,-0.00140070874617984,-0.00192708780629082,-0.000883818027260083,-0.00161659185961878,-0.00188729399216838,-0.00183639638278536,-0.00283632378133097,-0.00375879036556189,-0.00568317908703621,-0.00661776666895343,-0.00702672799663557
"q_10",-0.000239798062447971,-0.000307099928509077,-0.000559569622948126,-0.00038929088941806,-9.9682892395053e-05,-4.50972443365751e-05,9.15166200941849e-06,0.000472006155421017,7.15415592881432e-05,0.000830809187755785,-6.04908544135925e-05,0.00125174167784607,0.00161940858116504,-0.000219369004113744,-0.000770472249704449,-0.00159925617931273
"q_11",-0.000285943186962823,-0.000902885944225486,-0.00156161241637974,-0.00207700167526822,-0.00117558985987075,0.000140249314507399,0.000924552830755535,0.000893861171573985,-0.00055454109669199,0.003116118668267,0.00212211169070523,0.000433466072864726,-0.00466296164193958,-0.00262110599355016,-0.00185266469533303,-0.000863250134097916
"q_6",-0.0016376344899058,-0.00127684779524778,-0.000978915223792435,-0.000883041747439698,-0.001086925509243,-0.00114092254631807,-0.00127815134013637,-0.00127209646494505,-0.00113624235526302,-0.00161703368018443,-0.00246362528342568,-0.0022862564660286,-0.00222220520448287,-0.00210032916722887,-0.0017072766986048,-0.000552214638882481
"q_7",-0.000661529144276255,-0.000212661256500237,-0.000163250601290395,-0.000696149940861532,-0.000869199375616101,-0.000524158489281504,-0.000833525063891381,-0.00114157847196255,-0.00158865825071812,-0.00167282608721198,-0.00195440303410695,-0.000935039813556153,-0.00159188122208118,-0.00142865569788953,-0.000797114509186988,-0.0020941957472662
"q_8",-0.00127021758997266,-0.000332240631470672,0.000202123983928536,-0.000325972287794008,0.000271059850812792,0.000351677823060836,0.000497979861530303,0.00130243280832311,0.000844849795009892,0.00108128242190155,0.00188347690237269,0.00267876425222797,0.0027465343838502,0.00404327919739505,0.00293465059209503,0.000813557496701601
"q_9",-0.000620358293457705,-0.000588245518233224,-0.000204297397418829,-0.000863044907512063,-0.00112693956063662,-0.000265810757125902,0.000128268253606901,2.12425980242951e-05,-7.93296472147093e-05,0.000184162730462374,0.000545968650130686,0.00203857511142966,0.000242934458380811,0.00191888967167286,0.00110627095958185,-0.00188929999720411
"q_10",0.000650472437834786,0.000484583344669015,0.000455335723471417,0.000504328564206655,0.00035373642961838,0.000441998613653948,0.000540624547752532,0.000252742468312111,0.000802033318592402,0.00031698160559982,0.000933645192673109,-7.31550939823143e-05,0.000232117656235017,0.00175868233271396,0.00167960536824978,0.00336275744333543
"q_11",-0.000150575386856049,4.7665662288854e-05,0.000381579881666887,0.00112513868272437,0.000548595183788975,-0.000194514761780463,0.000507774272604305,-0.000143379188788333,7.6220382753089e-05,-0.00043565375022879,0.000159701215249757,-0.000340128732956696,0.00205905471254622,-0.000413437856330099,-0.00336649851202078,-0.00469982547423136
"q_6",-0.00522627934001735,-0.00448066193481259,-0.00371618923790162,-0.00253354657988939,-0.00199773129215988,-0.00136074675291578,2.5731077601059e-05,-0.00048553254858686,-0.00118998128474846,-0.00181000740388492,-0.0041891797398976,-0.00500535665612888,-0.00771973020134765,-0.00597119207294901,-0.00638888367171142,-0.00625626199726486
"q_7",0.00171189291463034,0.00125842418365976,0.00238646084742614,0.000180963959401801,0.000615992458223848,7.82697388101855e-05,0.00134201540974453,0.000758810386855497,0.00152358027266777,0.00285779455089582,0.000886993275811959,0.00447653764057417,0.00850422163514949,0.0110888259040194,0.0110696648798912,0.0177718218660653
"q_8",-0.0052015168282064,-0.00521288177315354,-0.00326081526093651,-0.00509598175743564,-0.00180081663777283,-0.000708347964245992,-0.00110412707851343,-0.000605950656186361,-0.00358919495364557,-0.0028842444943202,-0.00282280108511233,-0.00213766708462314,0.00223006067758048,1.2842190391785e-05,-0.00393314409242985,-0.00703498055372998
"q_9",-5.33588581838366e-05,0.00586318800893948,0.00612383822431217,0.00610174499198892,0.0091008222566872,0.0164383099258964,0.0147062416237099,0.00717306134149215,0.0116842728883676,0.0171000384250007,0.0133920785750502,0.0111154445708824,0.0129068097616928,0.023970335184408,0.0298200516803203,0.0275882429491746
"q_10",-0.00214748520722526,-0.00217096788422544,-0.00260628394290238,-0.00213518923831992,-0.00296225010829075,-0.00198005906839049,-0.000453094629496528,0.000517046423195019,0.000490071913829162,-0.00408948640203822,-0.00402330814884045,-0.00477994410551237,-0.00825875177689275,-0.0103624662520569,-0.00742881629480487,-0.00656331321605173
"q_11",-0.00559850191458561,-0.016399070012455,-0.0184584444051367,-0.0171250328023222,-0.020347151791476,-0.0236875082432953,-0.0225313457258301,-0.0181177510527906,-0.0250174513729285,-0.029477610504108,-0.0266501317618713,-0.0312232834793003,-0.0344577037568562,-0.045459545952902,-0.042381773843625,-0.0501936875386397
"q_6",0.00223215713955436,0.00089184835089028,-0.000813449188303263,-0.000703710955177199,-0.000658527138021455,-0.000602623811207377,-0.000197252103615699,0.000593631080506743,0.00078555836949034,0.00129365479332328,0.00250600120521609,0.00347487474103771,0.0027580487058351,0.00688272944937194,0.00519804064547199,0.00626744633029832
"q_7",0.00209838041539679,-0.000275693338387416,0.00179192885902688,0.0035845483978691,0.00318964358714255,0.00334582881768518,0.00327018679622171,0.00276123135305082,0.00371900552203938,0.004794567272873,0.00476946408708018,0.00787924179611453,0.00748267201845143,0.00786045819787419,0.00639592516520424,0.0100782932591145
"q_8",-0.000345128451503006,-0.00337847096969744,-0.00158151519488255,0.000946761028788411,0.000890688559920459,0.00334723749366152,0.00119337421259562,0.000942406589495329,0.00151365966319611,0.00380164578814177,0.00432293948764061,0.0063626684240889,0.0067789284617239,0.00534920231652414,0.00738174719450132,0.00639465238491122
"q_9",-0.00588737781986673,-0.0164775178392302,-0.00815616352036954,-0.00550280257891873,-0.00775480194482799,-0.00370806520102603,-0.00237143554995267,-0.00254241492850744,-0.00190475153207146,-0.00197954546528169,-0.00746878542868024,-0.00896326475734401,-0.00869638726896155,-0.00967125887075155,-0.0133890921675192,-0.014744151891865
"q_10",0.00300383835838781,0.00275440132958383,-0.000675181776629977,-0.00158627835537399,-0.00105652828743185,-0.00149253155717855,-0.00180559722311263,-0.000751047156854916,-0.000293376038710618,-0.00216907181130274,-0.00175393555387524,-0.00243541725485535,-0.00262696257014013,-0.000617572696058079,-0.000985813519858521,-0.00156226848283455
"q_11",0.00362864992057312,0.00858231661408263,0.00408211324646702,-0.000949710131491305,0.00486414434603114,0.00742709226957186,0.00321533436715461,0.0047165272350399,-5.01830278382029e-06,0.000633859581840983,-8.94018921663111e-05,-0.00937345738298548,-0.0151645887249768,-0.0336779888503615,-0.0302213650521427,-0.023788118198344
"",-0.117106302347576,-0.327330764002905,-0.727628884391338,-0.438995922339293,-0.644635672012447,-0.606336280434859,0.542919038831674,-0.0651607566457132,0.263353778533847,0.028678152135178,0.529539297335552,0.410982681927179,-0.603637259720651,0.0593088950727825,-0.678210832409212,0.303184992587326
"util",-0.0111773735101336,0.0420701774682994,0.772459035430719,0.46227322037881,0.815744753003813,0.539883611931066,-1.72445793447601,-0.387847360513788,-1.55028763095356,-1.29892474267221,-2.13285575672363,-1.77650094461213,0.471487343002975,-1.38573065601446,0.0486364674755854,-1.50117542663585
"util",0.00482640277987803,0.0561676257814913,-0.391109989233225,-0.271401080057769,-0.48576877340387,-0.287469510012014,1.1412588133074,0.254051766485646,1.10678670361168,1.08295369019162,1.50383320872124,1.3013113095107,-0.297876545686197,1.00525327290735,0.0422614166668988,1.02908917614514
"util",-0.000556402832161615,-0.0150253489755386,0.0705160485822569,0.0509589946852308,0.0964647713722035,0.0578592798004592,-0.240063679683586,-0.0607238490636835,-0.246318722157089,-0.270320730789917,-0.344011798659359,-0.318018174248227,0.0570012640057324,-0.222553535295618,-0.0158405009176702,-0.229661677214895
"Z1",0.0238993783942766,0.023699678367808,0.070191710890162,-0.000421516274165083,-0.000608389834702307,0.050631250699286,0.0332815908548209,0.0326866917147729,0.130450982316885,0.205862450646193,0.112318610992287,-0.0137849374782484,-0.00885867176386197,0.13844469258746,0.0942518226983334,-0.0119688298707531
"Z2",0.0215926964573206,0.0100143617765277,0.0456618061043855,0.0393819451549614,0.0648994379421459,0.0671992664713143,0.111768752705016,0.0343733721721359,0.150989945074658,0.0243664961801158,0.0613637578913806,0.194794079390087,0.13542864315261,0.215778158327399,0.237116827307541,0.185322847417598
"Z3",-0.00376358482660735,-0.00199133212051971,-0.0105106518054216,-0.00818483802641295,-0.0141693781473631,-0.0159235646760694,-0.0284733000889135,-0.0159115481596102,-0.0284518461073786,-0.0117420888536413,-0.011343928444654,-0.0354928108890773,-0.0334218018651132,-0.0463897331527693,-0.0591191471812236,-0.0449587827327665
"Z4",-0.0209721460888905,0.030462502659246,-0.0112206801904879,-0.00968349378006741,0.000630637080206994,0.0393334296283872,-0.021835576210501,0.00177796861846164,-0.183431241349427,-0.162864536879604,-0.0794452183340551,-0.130247920546466,-0.0594476719398739,-0.165716179163189,-0.0552154550637883,-0.0566226893704519
"Z5",-0.00193571254633149,-0.0807603831068469,-0.0269254453403922,-0.0484341893221207,-0.0170344598157487,0.0137615527438743,0.0157568733381562,0.0431283066998467,0.0135180836366577,0.0954892657078341,0.00763177422044192,0.0818358804495355,0.128379607987499,0.164732979275925,0.0531112811936772,-0.00906177063696634
"Z6",0.00258168899784083,-0.00267198720946505,-0.000976323879263296,-0.000774577242473832,-0.00123616913485063,-0.00519777761019872,0.00490270248683197,0.002340268228646,0.0340488340581045,0.0307995711993999,0.0212553143268399,0.0276521098815014,0.0217254063895308,0.0321220908780665,0.0152476570301088,0.00583534221480533
"Z7",-0.000942430591731986,0.000566437603620185,-0.00239373357815483,0.00457482778814757,0.00637610198840029,0.00120870328594817,0.0071882441764081,0.00234864944884152,-0.0084676614598409,-0.0180274000697403,-0.00885619515925554,0.00864902240995689,0.00982128211340407,-0.00223634221807283,0.00777815774655687,0.0180074579506711
"Z8",0.00632267570928322,0.000424809389200133,-0.00290293124155762,-0.0285389515755288,-0.00802485163850209,-0.00326745893715442,0.0205345111788986,-0.0478018819429978,-0.0511114258275645,-0.0607538950543267,-0.0322194325126662,-0.0372200276956797,-0.0575571543235565,-0.0446861664489418,-0.0493797582694377,-0.0310722782820661
"Z9",0.0141491674781448,-0.00938441506503761,0.0190745746079805,0.0208666952872205,0.00756293936070396,0.0626154705107396,0.0409283760295817,0.0339105969416756,0.0656673956429816,0.0378780496729758,0.110772429789571,0.158209671103056,0.128975384609974,0.0689708177893268,0.0909009103750549,0.122826647343346
"Z1",0.00533437288924832,0.00171861836614913,-0.0120921221983754,0.0251506034359651,0.018456691255039,-0.00412682197369529,0.0122363362218041,0.0350158405630913,0.00201496433332154,-0.039565189903473,0.0325918588574021,0.0781163383656094,0.0457303889219473,0.000922215402789432,0.0293700448647729,0.0408083793242048
"Z2",-0.00298098768334113,0.00336054073928852,-0.00581008320876937,-0.0012604611919885,-0.00548872991182063,-0.00402990780477838,-0.0186371125372465,0.00308004405001798,-0.0502141019219259,0.00989329610905467,-0.0167015325652183,-0.0755834547526003,-0.00824198000284434,-0.0580984173925488,-0.0474759087392808,-0.0276825259795962
"Z3",0.000344497599386148,-0.000449556221986543,0.00174808844850149,0.000407450310508723,0.00128166311057219,0.0015474260443439,0.00628180165775813,0.00271627623562118,0.00802423786591264,0.000160037981121743,0.00150395172259153,0.0112420641606044,0.00346819642657956,0.0102686318236984,0.0122443065286382,0.00741205261430596
"Z4",-0.00344588624524609,-0.0338876090701408,-0.015790608705317,-0.0169040610311811,-0.0215599002728184,-0.0325269504949072,-0.0203005774978359,-0.0389951566626664,0.0329333846964377,0.015343175896619,-0.0582903323523534,-0.0323115648313239,-0.052520172196021,-0.047382613258453,-0.0788027444658526,-0.0541873116312836
"Z5",-0.00620107081184827,0.0209952861710025,0.00341840731804461,0.0101838101955543,-0.00605589898740862,-0.011667558506035,-0.0144172243463025,-0.0256165857099654,-0.014242432814108,-0.0467793325563817,-0.00216127574866857,-0.0566135525706562,-0.0473404838907731,-0.0481773700365785,0.0271220898905498,0.0601866155629385
"Z6",0.000267237794886823,0.0039567889804922,0.00312500259829662,0.00359980103240103,0.00378445811551379,0.00450891381268973,0.00326441332066911,0.00602512060428424,-0.00526924752930832,-0.00172482829059533,0.00873692543260699,0.00685921535695103,0.00704245177418869,0.0112695322078532,0.0154908816498301,0.013776975896649
"Z7",-0.000452634809466083,-0.000910539205966747,0.00036069589982866,-0.0035700473626668,-0.00314604765734952,-0.000682147226342209,-0.004610053890365,-0.00538217822496615,-0.00208813508888315,0.00264932875884299,-0.00511636339615023,-0.0107756174823007,-0.00622856135631733,-0.00398956165950895,-0.00884415379959838,-0.00847041044621448
"Z8",-0.00264740451873319,0.00202731179898019,0.00137141818627445,0.0111422319261834,-0.000993592782583497,-0.005087861198789,-0.0222248718285088,0.00734438272496766,-0.00135323517871956,0.00263107061623536,-0.00918431493166719,-0.0198902585784778,-0.00690004212359344,-0.015610353979818,-0.00529051702430663,-0.0121626226310657
"Z9",0.00441251027671548,0.0156852773567782,0.00328288039820767,0.00475331371197155,0.0157207242679676,-0.0113424019611891,0.00732076610820827,0.0135608252250577,8.85440035469766e-05,0.0218364342387555,-0.0133706270256768,-0.0233618956356878,-0.00681228526867719,0.0158487560961608,0.00480463242988787,-0.0153590282494708
"q_7",-0.0545318994547086,-0.0615631886291635,-0.0633660978640874,-0.0634972662045665,-0.0677101801554858,-0.0746410933787438,-0.0775841563566524,-0.0740430860932092,-0.0800826950715503,-0.087421243202475,-0.0978270220141819,-0.100685414567143,-0.108881946898855,-0.138175320585908,-0.147463246331588,-0.131307050503367
"q_8",-0.00244344218008011,-0.00638780769075984,-0.00991699489162187,-0.00850925807519321,-0.00888164066054251,-0.00929296080645276,-0.00901801561455257,-0.0065590353561438,-0.00725704766457875,-0.00564544172184095,-0.0074576189071343,-0.0183669777502483,-0.0137171788522665,-0.0189813563515566,-0.0289565991280856,-0.0346165866201461
"q_9",0.00549288324516417,-0.00404176289386018,0.00303989121231893,0.00682281642608856,0.0121511559224954,0.0119243143051231,0.00787222519220753,0.00741074276208616,0.000371721335181447,-0.00798225442327749,0.00467566231589437,0.0166052153083676,0.0375604763413705,0.0343613730946968,0.0501024336434663,0.087044832354023
"q_10",0.00596863590116847,0.00740809997549117,0.00587521872118557,0.00598620498382603,0.00599801310480829,0.0105120810401821,0.0107084138486942,0.00603232182676283,0.00945540823361273,0.0147122182945172,0.0198089627597853,0.026020352812299,0.0268749601368142,0.0321613242106606,0.0325664433419133,0.0346576303847674
"q_11",0.0156548376249023,0.0387881085403981,0.0414829553867928,0.0294074108425467,0.0365526574792981,0.0492858467387917,0.0546455924676775,0.044129310247703,0.0682995727687934,0.0771004535848931,0.0959962865069614,0.102641725758839,0.122386101537182,0.186888843990226,0.222208173801109,0.207323148193411
"q_7",0.0133333032266097,0.0157474098839699,0.0163814476852936,0.0158372700506852,0.0179793639127311,0.0197018610255655,0.0196399777570481,0.0205232151005349,0.0207347015592035,0.0242055190961849,0.0278966777290358,0.0267379760505204,0.0280658345993278,0.0403344104681169,0.0450060909167936,0.0336660552274474
"q_8",0.00428503423048156,0.00322294824437749,0.00623084339218388,0.00689049609243655,0.00679115149404852,0.00734338542592121,0.00729972858107537,0.00770704422587369,0.00803979874933203,0.00983195098850618,0.00831319788439415,0.0133433797237972,0.0101826431119119,0.0159809560229401,0.0193062752280646,0.0230603006917923
"q_9",-0.00474841014471064,-0.00457075877832887,-0.00921844318498838,-0.0118883131293325,-0.0162965095625711,-0.0151438630068647,-0.0155854179594587,-0.00879655344638643,-0.00743765824125819,-0.00347200551722483,-0.0120950171808769,-0.0197535817654073,-0.0320787618265411,-0.02898801346733,-0.0397026015423158,-0.0578262374064362
"q_10",-0.00223585034705471,-0.00267879182510023,-0.00203617442044615,-0.00174051785949106,-0.00216803197619816,-0.00275265832493404,-0.00293634532501686,-0.00100663813000861,-0.00216261870153427,-0.00587700639034304,-0.00790538325228906,-0.00928625767331994,-0.00937434845957795,-0.0146157113248672,-0.0149015547303426,-0.020601139165233
"q_11",-0.00359512501951047,-0.00795186738541487,-0.0117102605109983,-0.00397310009316715,-0.00454452169654603,-0.00698882713346687,-0.00640465539404338,-0.00347686614463223,-0.00936302214959117,-0.0166019058990137,-0.0216051105374715,-0.0163995785118803,-0.0218993079556079,-0.0516741170920747,-0.0726975642618483,-0.0678419444510452
"q_7",-0.00101165780417306,-0.00121532913311073,-0.000886862434669443,-0.000632596002364973,-0.00151123401118573,0.000432351759896356,0.00113670190181035,-0.00258655853763525,0.00305187471976203,4.76004167623975e-05,-0.00103062084214192,-0.00041844541207171,0.00283736755186551,0.00510321850312373,0.000223210964850631,0.00567650398080852
"q_8",-0.000576660002766191,0.000767100535681456,0.000706744127368501,-0.00131444913000168,-0.000380685014746091,-0.000807718029241256,-0.00103044494842712,-0.00478036840619944,-0.00488015630291842,-0.0121328192380902,-0.00730950083670934,-0.00653708505528684,-0.00690791528797997,-0.0071484682527614,-0.00463603251418697,-0.0100971898978157
"q_9",0.00845221953913357,0.0103724044990686,0.0159364315026156,0.0172496594283229,0.0221950043303193,0.0204077247022128,0.0261804664239924,0.0183116112539924,0.021625172081471,0.0267759633367111,0.0272368845864869,0.0360809337313187,0.0369695279836536,0.0358566414704049,0.0478745779259499,0.0533303998890828
"q_10",0.00120412132177601,0.00101977160239843,0.00186003815694045,0.00369966572776057,0.00355864121564261,0.00174190076892417,0.00286480440800395,0.00196890577084056,0.00138442541495264,0.00491910954352049,0.00681116921580033,0.00390594910363587,0.00419433942938492,0.00673793257153262,0.00935199564412407,0.0182149061419004
"q_11",-0.00176947857903297,0.00133656760549,1.70264831377475e-05,0.000297980429779145,-0.00287102518862361,-0.00557680213532348,-0.00936799723067324,-0.00839235681107688,-0.0196602498936729,-0.0110327740091766,-0.0076988251941972,-0.0161497749000181,-0.0218345574553751,-0.0275285091834336,-0.012073019662444,-0.00401126905229708
"q_7",1.61087459202764e-05,5.98826516073686e-05,2.96933652719712e-05,-2.95924586353244e-05,5.68753954907784e-05,-0.000370119851290673,-0.000529048465609915,0.000208082653540028,-0.000746259518460399,-0.000270389011156494,-0.000187563220181426,-0.000338587453769069,-0.00107689960199926,-0.0013726163828078,-0.000895423353058039,-0.00198745630801297
"q_8",0.000154897926645572,-3.01882052516735e-05,4.68706121173011e-05,0.000358952445522745,0.000235868298894986,0.000288667499890096,0.000266406329866882,0.00091863425173701,0.0010748883780731,0.00220374303178582,0.0011222014627113,0.000920085179030789,0.00102818831966998,0.000709533519011669,1.58435437786695e-05,0.0016466677333058
"q_9",-0.0016790504748642,-0.00188977668072483,-0.00312803951770324,-0.00336560631167624,-0.00458601272873267,-0.00427235195441002,-0.00545693537885984,-0.00421493048256782,-0.00492343353349649,-0.00606932364533783,-0.00549693799102108,-0.00718598548915163,-0.00795607490225558,-0.0076617619311604,-0.0101828598825602,-0.0108104748990851
"q_10",-0.00034808703308153,-0.000322876099151134,-0.000530266687834421,-0.0009296929415466,-0.000863097449825682,-0.000522895851947919,-0.000718070956848634,-0.000571591775180772,-0.000471524339160491,-0.000997851927588372,-0.00139523036723979,-0.000904651264638687,-0.000912876530058985,-0.00134823452443088,-0.00157440803557379,-0.00331256162016641
"q_11",0.000222717484556787,-0.00033729113604752,1.98916074859975e-05,-6.43023595067477e-05,0.000644101447303474,0.00122333400782425,0.00215732031797273,0.00208750860630855,0.00353403657554883,0.00240040619473863,0.00145460246309468,0.00350758517796065,0.00506620489563841,0.00604451258856289,0.00400040265679651,0.0024431520102865
"q_7",0.00102966667980585,0.000148140337048851,0.00130883623096941,0.00094091037649695,-0.000366623581017232,0.000607101843178237,0.00149181913302029,-7.87065738292872e-05,-0.00502704871538079,-0.00434318097467913,-0.00914797543731797,-0.00610470939777818,-0.00468662429541498,-0.0125329319380458,-0.00990468116429726,-0.00746947314196544
"q_8",-0.00677833765269974,-0.00595958798371065,-0.00811365177969822,-0.00815040111042388,-0.010782361936371,-0.00928778714969529,-0.0108556944979518,-0.00863264889738134,-0.0117055003743739,-0.00836464863492629,-0.00897483325738291,-0.0173033759653187,-0.0121741802284202,-0.0224512148354035,-0.0237753656212868,-0.0246902646134068
"q_9",-0.00144108964498536,-0.00105526512761211,-0.000625870941093294,-0.000617658622695189,-0.00222859342212126,-0.000311714886364232,-0.00349324719406823,-0.0092239684625837,-0.00932478095906895,-0.0133776683477906,-0.00507235995911464,-0.011578589169391,0.00198362467772647,-0.000122198533935292,0.00102462932191831,-0.00218753702027537
"q_10",7.77792014991363e-05,0.000460028045035065,-0.000643056128555765,-0.00203484368913043,8.83184744349928e-05,-0.000296271613065891,-0.000483674276890001,-0.00100138018145236,0.00104248125374246,0.000152754641398947,-0.00106930709715504,-0.000534491372087709,0.000957566743785458,0.00309944328031753,-0.00261857121380476,-0.000860788270077272
"q_11",-0.00134878752522987,-0.00518973503549738,-0.00302845136945343,-0.00551876103902243,-0.00781585605124846,-0.0122340420809555,-0.00800045412633484,-0.00976579004792198,0.0095922138863128,0.0123426650685654,0.0174112918823716,0.0216561948921667,0.0192360133799652,0.0460291824695708,0.0368375158867822,0.0326595753909088
"q_7",-0.000206999150898664,-0.000194924123785609,-0.00240349084449555,-0.00386945577190232,-0.0066107792823955,-0.00681161899894608,-0.00864130539066479,-0.00974831672069463,-0.0106294901814511,-0.0101136302212078,-0.0139798275213885,-0.0134022414583887,-0.0154703012835369,-0.0181901032730654,-0.0241557393612162,-0.0288578195904916
"q_8",-0.00192732720215769,0.000768748734891796,0.00121359730231125,-4.74864556709266e-05,0.00186425105610461,0.0033416193151425,0.00171822856813117,0.0030697512212381,0.00354552214519916,0.00439170029563253,0.0077047604389731,0.0065183509956707,0.00940261808944817,0.0102839549526607,0.0132733308205739,0.0168194886853759
"q_9",-0.0029527109098121,-0.00268687379630106,0.00208807333745012,0.00116397375929523,-0.000166791628305372,0.00359644347558283,0.00411119828686737,0.00521061964454697,0.0021766689448923,0.0115363749972304,0.0095966899138865,0.0103225805343862,0.0273013642780322,0.0361778557023147,0.038061481168193,0.0440654561418717
"q_10",0.00325353787345501,0.00346491213810531,0.00375537070569545,0.0034420041817468,0.00464038208819602,0.00437310013552446,0.00309363774623852,0.00258747649107356,0.0019873832469405,0.00358244775028762,0.00462087112635023,0.00591792482622653,0.0043587426526529,0.00524085216197811,0.0095528794092021,0.0102212889318661
"q_11",0.0057600699110021,0.0115863418875857,0.0148038598796129,0.0175617528591208,0.0160289080401158,0.0132325216073537,0.0156443026090377,0.0138555928678036,0.0156298692817186,0.0124356325746111,0.0210172569130585,0.0196323304603578,0.0191112565728825,0.0164668507856268,0.0273597172178766,0.0361188497192806
"q_7",-0.000739976289533575,-0.000566496941424554,-0.000860746851136247,-0.000778586796452639,-0.000591139395075668,-0.000696681228082487,-0.000931926054655128,-0.000647410237101645,0.000203701012931288,0.000225643459503805,0.00139305537025138,0.000775723564437849,0.000723526625555036,0.00212249950630638,0.00162941650141316,0.00104337339191493
"q_8",0.000800891601065846,0.000737303480144901,0.00109909931474636,0.00120380111957185,0.00175988664169551,0.00156657190128474,0.00174877265186403,0.00142472531679925,0.00195492071499848,0.00163710166483019,0.00191525506953694,0.00338317534479639,0.00249592415920596,0.00455727981842905,0.00489281451865983,0.00517157052340221
"q_9",-0.000117390735840623,-1.33983536310702e-06,-3.73611958211267e-06,-5.24671133009444e-05,0.000253403087999719,-2.97428283433835e-05,0.000796365575650058,0.00194953044251882,0.00202125030643773,0.00283600499472267,0.00065387612803423,0.00235938776610822,-0.000263040412418646,0.000722678517308756,0.000367398535570312,0.000760854727145091
"q_10",-3.27842003300986e-05,-8.88992103917367e-05,6.0592752123585e-05,0.000268588395752443,-7.6314415391683e-05,-2.36099831353713e-05,6.84317527241331e-05,1.76773185749493e-05,-0.00030381240392613,-0.00012182649202895,1.41565401303929e-05,-0.000141565082106721,-0.00050468591267302,-0.000875760626020356,0.00051780203961739,0.000490903732550319
"q_11",0.000201821511117414,0.000586450402873211,0.000567513241146215,0.00102113998754645,0.00154673460923072,0.00203967469301407,0.00134420797485338,0.00166853387566529,-0.00182079595253452,-0.00221425170870475,-0.00370781109857113,-0.00434029748219523,-0.00462819400482393,-0.00884725359102835,-0.00702299674854733,-0.00523045740317673
"q_7",-0.000927612229582832,-0.001162774678986,-0.0011876372018312,-0.00109772225736643,-0.00130776616287324,-0.00140305098650784,-0.00127428189886096,-0.00161248082569371,-0.0015098438004199,-0.00194630920899181,-0.00235192764378028,-0.00211077160538315,-0.00199752129732448,-0.00327681778130025,-0.00368306149244182,-0.00216264044295729
"q_8",-0.000415350266765637,-0.000257149374233309,-0.0006344292594494,-0.000779592985072446,-0.000825113890028711,-0.00089091190336714,-0.000839295891661918,-0.00104103571283975,-0.00111832797387242,-0.00155764838717282,-0.00116208633646381,-0.00167384077972357,-0.00130844706555313,-0.00213541098439816,-0.00233739353382811,-0.00310241938491326
"q_9",0.000957284168662737,0.00102753566169446,0.00176172429295365,0.00213439038121248,0.00290623474170975,0.00271931605075947,0.00292208283951602,0.00178156450456188,0.00183323433513935,0.00158045846347739,0.00256762070223324,0.00343758118126921,0.00532880319242864,0.00465772320518507,0.0062757533756378,0.00834571338617285
"q_10",0.000286447784928094,0.000325111802826634,0.000318848262585502,0.000335110904888025,0.00040444071573093,0.000387067938455205,0.000412363773669736,0.000240668208972689,0.000324582436078609,0.000748710381376717,0.000990942875160169,0.00109879947159479,0.00106151888501085,0.0017898777771407,0.00164257447425567,0.00254571643703889
"q_11",0.000309167418763488,0.00070076158246183,0.00102688827433068,0.000118196962972554,-6.41048195681328e-05,6.95882770603143e-05,-0.000294868308027058,-0.000468610108563836,0.000123166749213539,0.000993467292988414,0.00167874142190835,0.000347023941213646,0.000315934576411464,0.00323695864415436,0.00561498657789449,0.00526254878849784
"q_7",-0.00813631420653128,-0.00861727814693326,-0.00877594876785797,-0.00872238669466585,-0.00808074257714033,-0.00797334745696144,-0.00810670355726763,-0.00924843430995955,-0.0112220271194681,-0.0134869575583327,-0.0126462546329055,-0.0142485968680979,-0.0182848911146295,-0.0207227814976305,-0.0248553473193607,-0.0296904141755097
"q_8",-0.00413757172474541,-0.0020740834201595,-0.00142345430134481,-0.0024204381016194,-0.00176888463305456,-0.00166329458482946,-0.00244882036479853,-0.00266507342452198,-0.00368495523792079,-0.00249750678605638,-0.00364919043771547,-0.00334072866715211,-0.00421875958386002,-0.00253967434545419,-0.000334319965099856,0.00272955398596947
"q_9",0.00209347032823617,0.00323621418238903,0.00293722358140037,0.00214442976387993,0.00128455291976748,0.00104817415757665,0.00121113252786813,-0.000469527950865231,-0.00270844781508105,-0.00268240660264559,0.000652681751600422,-0.000920551917026425,0.00204684219642144,0.00302859186778277,0.00451938693725624,0.0018754107549989
"q_10",-0.000406364802612041,0.00034636550986151,-9.81906821659598e-05,-0.000360052934777754,1.1931320874012e-05,-0.000387752652775021,-0.00131892419484196,0.000783326197019383,0.000909590591364896,0.0018517632126424,0.000344353897945207,0.000179995720372898,0.000529468169348791,0.00131030392207153,0.00141313430266837,0.00778161091501937
"q_11",-0.00166437108159401,-0.000328589913143064,-0.00193540065210371,0.00022629074044227,-0.000732443579689915,-2.84022819338674e-05,-0.00242608685621629,0.00223706995770917,0.00188646663114753,0.0029699060265054,-0.00161637198007449,0.00158958676052874,0.00712690129401171,0.0139989155823254,0.0192324092483993,0.017739370973026
"q_7",0.00448230079833568,0.00398712496848709,0.00355290407037783,0.00393702793309408,0.00395091874486045,0.00520809663634146,0.00467004885415837,0.00454018447026868,0.00572560809101167,0.0063247520398692,0.0101398784297136,0.0134315497771864,0.0130374259843132,0.0140710517828469,0.0165198547336834,0.0187004752024286
"q_8",-0.000610136761406618,-0.0027926091589311,-0.00279307932521748,-0.00252590226314202,-0.00164050178668895,-0.00276129872252164,-0.00250734190086292,-0.00142687706035901,-0.00197213599859096,-0.000922159514539123,-0.00106091539489873,0.000790537692460943,0.00114764851592442,0.00079759598971204,0.000419854825954923,-0.0017159759454911
"q_9",0.00771560880973777,0.00432611787252838,0.0055115242761361,0.005342547380605,0.00549232108673782,0.00418867973822443,0.0041230150460232,0.00514606788671408,0.00818746457415923,0.00617823142535459,0.00621599003603558,0.00590454022603047,0.00369293358210171,-0.00101217389360126,-0.000544108955722444,-0.00205810443053053
"q_10",1.95848822803108e-05,-0.000315979729428752,-0.000120021164973999,-0.000896619653343453,-0.000583259662552565,-0.00175815270429211,-0.00150665609292064,-0.000522237596330935,-0.000235421932877965,0.000151010504973608,-0.00103276837528284,-0.00198286498262706,-0.0028536984767002,9.77578778465732e-05,0.000125790854906476,0.00320015848618493
"q_11",0.00231572758158786,0.0026214156077169,0.00256571998172591,0.00196436466024772,0.00277181137388274,-0.000435288834868068,-0.000327377378280817,0.00135009716071225,0.000586577020244853,0.00141956552980227,-0.00503175444357501,-0.0129164008726912,-0.0101996209796617,-0.00950895490552672,-0.0154025208883719,-0.0137326414549468
"",-0.370415404322941,-1.88198983486275,-0.549777510360988,-0.212596339348335,-0.59761713347645,0.451078127752781,0.939107871355319,1.0693879741657,1.01310175461601,2.15836800355757,1.78616171391236,2.68326900755463,0.865722914660234,-0.97456034815882,-0.910054944557461,-0.0579938023504963
"util",0.147223203060252,2.31973526457394,0.611776241810636,0.0255455350991562,0.620826928633748,-1.11536544619323,-2.24553181163355,-2.62925815954567,-2.28063137740045,-4.54226497207217,-3.93884968538824,-5.70540242117353,-2.09014334019035,1.88411174497662,2.08167745071856,-0.210677414688037
"util",-0.021132164159546,-0.988544504658764,-0.265362480705079,0.0632327989515734,-0.252665335101154,0.680700987053667,1.45004997370299,1.83086917557115,1.54131351288728,3.03074513690341,2.65351879351148,3.91653071844862,1.61020390106876,-1.16367099163994,-1.39231393714145,0.0902597145898196
"util",0.000609537774931923,0.147137500344161,0.0395649147984471,-0.0190495659520425,0.0402967212979915,-0.128720729756563,-0.295558988841394,-0.402416990182171,-0.335448636885846,-0.665313545693316,-0.572607445288918,-0.871740666057202,-0.391358340911647,0.246980493265715,0.293691586052255,0.00443680055932096
"Z1",0.124792210535767,0.0985599323672623,0.0408436818260438,0.0891098819166486,0.134834374770679,0.1692184031925,0.0507630981785208,0.103258803013581,0.021561484129762,0.100470829448659,0.0895412750238437,0.195196046256938,0.162205670876098,0.168242938634831,-0.077345972866982,0.259184563771081
"Z2",-0.0931813391308275,-0.141462332032237,0.00305337405341944,-0.0174444923229057,-0.0748251319533255,-0.0867823789177593,0.0675007255472703,-0.00199249171057227,0.0356983993160575,-0.113668038203104,0.00236645233160194,-0.34412841930478,-0.191729254987198,-0.314935634602716,-0.117084375835297,-0.30218068188172
"Z3",0.0189898827470496,0.0295804584386333,-0.000225101946473721,0.00275600427631881,0.0113482413578382,0.0104487868709164,-0.0115561780564149,-0.0025788224694661,-0.0135029578823435,0.00772658861147328,-0.00517285386332237,0.0647967287944166,0.0408623058284141,0.0541835865829923,0.00839649886118326,0.0552545074034337
"Z4",-0.00903091854332959,0.0196142591677015,-0.11311043529079,-0.195775786129371,-0.161869475095224,-0.235308167734329,-0.0310378940196827,-0.0748506414383666,-0.133467604344677,-0.0914732935243088,-0.125156973006993,-0.246382087727173,-0.309496170496002,-0.37325405381097,-0.162080061955091,-0.21770567366374
"Z5",-0.0984756060302891,-0.100446414202559,-0.123089216312801,-0.13198298629813,-0.143150198215535,-0.0882206883991549,-0.0671713277702744,-0.0412623898183619,-0.0531355416646645,-0.0537308841913093,-0.00638979422511436,-0.0620754691598616,0.050238231101849,-0.0318363711960171,-0.072874330975703,-0.101211753524819
"Z6",-0.00084480528782908,0.000288583250844491,0.0206003879288291,0.03828587543067,0.0220989845119268,0.0437407850578005,0.00264516666798808,0.00428225204556683,0.0216997794818217,0.0229520193273628,0.0314677687454249,0.0341762599833367,0.0583804667765364,0.0724646302397545,0.0343357478255792,0.0379127353273874
"Z7",-0.0113773738750675,-0.0140709788106088,-0.00150258422238836,-0.0111334514716966,-0.0142064427341052,-0.0217913634904077,-0.0015124654942798,-0.008350902987131,0.00403777164343785,-0.0116578408966624,-0.0101967051083985,-0.0318472347390147,-0.0299206391836149,-0.0285740782863086,0.0122431195527225,-0.0359535065850856
"Z8",0.231019903126183,0.0896793966877865,-0.00970329976342172,-0.0540740746521057,0.0557272002824628,-0.0787117336046597,-0.0243676438302214,-0.0332502918475851,0.0298116454170786,-0.00441871049373422,0.126434158384761,-0.031729016154918,0.100444838221944,0.0134669344268748,0.143319050028871,0.177678462818606
"Z9",-0.194575854003202,-0.0836086411333994,0.0855711847903595,0.155362112619326,0.156745801912695,0.0855022080618295,0.0999572671009231,0.159683308388536,0.0924118286276124,0.083921777343145,0.0782444879480698,0.187767750092939,0.0461031223325713,0.119794628160754,0.0981033520726197,0.0992134950584934
"Z1",0.00109933471508173,-0.0179597607813536,0.0219345316739028,0.00524940467223886,-0.025367053218281,-0.0241785505041964,0.0514013669457198,0.0168958044428592,0.0579584925209267,0.047801124999555,0.0416134998870454,-0.0441179790030925,-0.0293758488078695,-0.00527237228361495,0.119964148665899,0.00494557231145672
"Z2",0.00468505122044603,0.0267819925539697,-0.0211394144148242,-0.016658557744318,0.00660862633940519,0.013344984337957,-0.0889962691536894,-0.0649258375921247,-0.0711225930723751,-0.0497668875136617,-0.0949426353828951,0.101409905901602,-0.00318128247243504,0.00807217801189601,-0.0834756909333334,-0.0677960349590141
"Z3",-0.000862578837085222,-0.00500041990982074,0.00550451438705718,0.00429462348754187,0.000930232493348703,0.000546826326686131,0.0160469091674841,0.0125104355542513,0.0148759314443529,0.0176394116080708,0.0214195008030848,-0.0176517668499031,-0.000773461187842198,-0.0011016431883454,0.0197538690138051,0.0144374318834892
"Z4",-0.00578562670615717,-0.0247252056909161,0.0132792755445122,0.0372479106771595,0.0258592057642807,0.0519220804593362,-0.0553588665580697,0.00765750182980549,0.00716457555598348,-0.026075254991673,-0.0304368333639965,0.0459104141302928,0.0547970149859221,0.0525231457842871,-0.0696654925916952,-0.0689517485223012
"Z5",-0.00657816926976969,-0.00310117135014857,-0.00226687373162478,0.0051342647026648,0.0145377048950593,-0.0182964870402763,-0.0237639279139735,-0.0342134403284319,-0.0445822722322555,-0.0514091696745006,-0.0676532577946395,-0.0427423307122623,-0.0866168518165394,-0.0530231656542485,-0.0174611427366726,-0.0199315430120339
"Z6",0.00061723310533191,0.00250721626081936,-0.00324358448482756,-0.00841902275847462,-0.00259864667185278,-0.0115503693309214,0.00913598572748458,0.00103579805175742,-0.00139770155173317,-0.00174671227513043,-0.00117595375724276,-0.0039511512854693,-0.0115137855306386,-0.0105267718169861,0.0126992337116078,0.0188452915885119
"Z7",-0.000122586925611301,0.00294242080562434,-0.00332835803763971,0.000510312665056416,0.00352431961252679,0.00518970049284443,-0.00724867545490921,-0.00254565718007828,-0.00875791909902581,-0.00656063784647598,-0.00609178669785397,0.00868955731452258,0.00670224317227868,0.000957485986758009,-0.0190583544900617,-0.00480817205297994
"Z8",-0.0333128741195968,0.0544891582051571,0.0957054139166873,0.120167721032192,0.0768801923515716,0.135075585737958,0.112076090414342,0.137466286850088,0.0925050967472484,0.108646235437405,0.0434549261670046,0.138682309715967,0.0508459808016031,0.101911816226218,0.020183595657429,0.00983072721756493
"Z9",0.0284970835241321,-0.00779567929440381,-0.0805489730219634,-0.11816756993497,-0.11775634356345,-0.085825264600763,-0.0957776105362266,-0.137777411367965,-0.106146944263949,-0.107224041718133,-0.117263678595047,-0.156986177318709,-0.0490776378563295,-0.094346400114917,-0.057452240531846,-0.0462955573562215
"q_8",-0.0675133855682926,-0.0893480819048666,-0.0930864485901463,-0.100950282276023,-0.108174157957216,-0.11067931438589,-0.121392528147982,-0.131053307939127,-0.127745832583468,-0.120752738103713,-0.128157027679668,-0.144515581251389,-0.137515225338761,-0.14887681844859,-0.145671854733271,-0.126523342114186
"q_9",0.0307778168357649,0.0221635154741683,0.0399510804195567,0.0404309154721357,0.0423796913067905,0.0405006126369041,0.0379031047214955,0.0444966855781212,0.0403896545143546,0.0265024155115089,0.0377123933012787,0.0594620935165969,0.0622698457927116,0.0509709381214826,0.0559891665714996,0.0139792672972797
"q_10",0.00381474968949484,0.0123509805481508,0.0149663294975382,0.02160333455859,0.0251399977277009,0.0306997021240421,0.0443341900088657,0.0513813901036401,0.0557495452068112,0.0532938321368681,0.0619583663026641,0.0624051789302103,0.0685923435949923,0.0548140542426553,0.0529731350483467,0.0431427684998193
"q_11",0.0163999835263474,0.0528720917406164,0.0419233065972098,0.0511500557832994,0.0674567776392012,0.075146388245816,0.0806438390040786,0.0870829843823391,0.0772834201955782,0.0799693789568643,0.0844532405442459,0.0758486338086091,0.0723581904561993,0.0515500699584604,0.0605605954551121,0.0933081892923241
"q_8",0.0168952961090337,0.0282884865241431,0.0328548983186297,0.0372086775830016,0.0407752938999794,0.0429862694583797,0.0482901108529269,0.0516944120361599,0.050500291230828,0.0483968012934113,0.0537606523408381,0.0673102931587566,0.0551842270089026,0.0695002713001427,0.0651488540260055,0.0612838619447343
"q_9",-0.0018466685321618,0.00299508898799997,-0.00953714015986946,-0.00854711839790774,-0.00786719142237934,-0.00162462767709081,0.00197162627216232,0.00786959762723587,0.00972082375545041,0.0274882172739816,0.0144762422159479,-8.20636580676155e-05,-0.0025300631684109,0.00851087171031427,0.00220293442562124,0.0280838056201649
"q_10",0.000132813742870823,-0.00409784763577204,-0.00526231851409474,-0.00783159855209895,-0.0104569330923994,-0.0121063976069249,-0.0166238690286026,-0.0183178460681593,-0.0224734056468041,-0.0207499546426873,-0.0253762409734843,-0.0274603432970271,-0.029910595134288,-0.02732850161149,-0.0240507509963481,-0.0165220648518659
"q_11",0.0046740954530758,0.00191386311160191,0.00728632175881707,0.00176676570453752,-0.00477281958739847,-0.0106231596424723,-0.00308644605531637,-0.00788238983468552,-0.00238194083086887,-0.0150628831910006,-0.0145251447160764,-0.0244161836282962,-0.0321282963758932,-0.0265268429624014,-0.0244275032746643,-0.0418076760099541
"q_8",-0.00562534751296838,-0.0111026151841957,-0.0118965148786755,-0.0128233209981,-0.0145410706746129,-0.0176071000843813,-0.0206367202287795,-0.0185838531841254,-0.0199113114967092,-0.0253610743422799,-0.0320862237366242,-0.0335009212396648,-0.0211981996515157,-0.038853398684063,-0.0374953742283747,-0.0527994600907213
"q_9",-0.00670073725115242,-0.0108876864506045,0.000758171998964867,0.00408679005544621,-0.0024698277527351,-0.00193412383153771,-0.0103207649206891,-0.0168966677371139,-0.00534062261457985,-0.0284516272520397,-0.00922019899880522,-0.0142808412919995,-0.0189417318589948,-0.0271859978163859,-0.0270956051969686,-0.0320633534879923
"q_10",0.00080804215150325,0.00109172002591539,0.00165981529659788,0.00189861692115253,0.000148059532938602,-0.00207888766561827,0.00148602895784791,-0.00148778493020785,0.00687313781619998,0.0110018993565575,0.0113356602675167,0.0129672918342637,0.0117869226032416,0.0173710234955326,0.0081693099508686,0.0106818009959107
"q_11",0.00649670465336133,0.0109179637734517,0.00724951209773863,0.00694685561986191,0.00897499337341813,0.00725722696360515,-0.0012788647014903,0.00115293174256277,0.00364258884548906,0.0260299386817188,0.0257657212486206,0.051105344346107,0.0535054266031494,0.0670274871730324,0.0423025847976812,0.0627934882289355
"q_8",0.00101704265288661,0.00192631500529615,0.00222198596746337,0.00194882868663172,0.00229312267882085,0.00286083253774895,0.0036360049597117,0.00249058989714414,0.00208642542612133,0.00246019730455353,0.00415787880496623,0.00358339111875289,0.000976622056162577,0.00439184331745346,0.00427566120075332,0.0078645761154075
"q_9",0.00108287193786404,0.00184961375201531,-0.000577358828293261,-0.0010517536252912,-4.60854603134189e-05,0.00018547483631487,0.0018563094979296,0.00311230321391458,0.000817306224100165,0.00646797844985176,0.00289984220416852,0.0046408314116224,0.00440820061925519,0.00484086406783922,0.00459605729534142,0.00648026128663238
"q_10",-0.000433544647363747,-0.000585774465383987,-0.000637298210002552,-0.000990464742834797,-0.000673850046019227,-0.000220344063062547,-0.00100625950039192,-0.000363591526629494,-0.00216510684175744,-0.00262256826279059,-0.0028676551455023,-0.00308912409620763,-0.00281848132760578,-0.00374234666055969,-0.00197509124845893,-0.00249542741268971
"q_11",-0.00145544062664239,-0.00241582126717927,-0.0015540962443586,-0.00110213448245672,-0.00139401952578004,-0.000801717975250532,0.000582724098251566,-8.89109567306077e-06,-0.000407853462911189,-0.00531605254838215,-0.00531549717218649,-0.0107317235667704,-0.0123697291116398,-0.0137205165064698,-0.00891042543545457,-0.0134139591770608
"q_8",0.0146320135845843,0.00970681023204133,0.00794063560842294,0.000862196896520646,-0.0060651539222909,-0.00444502692985227,-0.0116248997636932,-0.010215065896682,-0.0184030175019176,-0.0135627789175743,-0.021441112083224,-0.049896439048269,-0.0531120706983057,-0.0594616833177904,-0.049834037785249,-0.0574129662521498
"q_9",-8.95113556497546e-05,-0.00356505259012714,-0.0104795665998242,-0.0201389396274701,-0.0176569652954553,-0.022978165713819,-0.011139467761247,-0.0206578612745452,-0.0302193117170855,-0.0329469124622247,-0.0386758535574695,-0.017826748041031,-0.0158025003587955,-0.0318631643073622,-0.0214178849322518,-0.0301348436835932
"q_10",-0.00435946747057433,-0.000855112818641269,-0.000425701630424229,-0.000936936731529938,0.00412488429469825,0.00950424828714753,0.00526492904942376,0.0057315834788637,0.00564985723938843,-0.00659806772007751,-0.00528691533689188,-0.00385607692893577,-0.00640400794287995,-0.0105222500070797,-0.00532817456910238,-0.017939228295146
"q_11",-0.0189197436002955,-0.0273592755713913,-0.0176029459285586,-0.00941849860860634,-0.0121618673171647,-0.00354593960176959,-0.0125476631582417,-0.00563525747278068,-0.00438999156848829,-0.00626254969061745,-0.00713009650744901,0.0190524117009788,0.0275125248259165,0.0324234453915082,0.0641261919148382,0.0632598741194407
"q_8",-0.0158540070653119,-0.0146871822023985,-0.0174478868289254,-0.0206214102943378,-0.0248091937429484,-0.0265270769219934,-0.0276201479792872,-0.0277310700421179,-0.0305009611569179,-0.0298398318400011,-0.0311473792834736,-0.0379572309806871,-0.0379213832319476,-0.0457474389786828,-0.0420253405501619,-0.0421729099127012
"q_9",-0.0202570611403939,-0.0197488688540375,-0.018932539014806,-0.0153475446954443,-0.0139345086712889,-0.0161040002530413,-0.0143528567935627,-0.0178787135165381,-0.0155314300162495,-0.0219299404494274,-0.0188513376681609,-0.0157154820055994,-0.0011048628180546,-0.00124737444204162,-0.00497498076321261,-0.00270554777455537
"q_10",0.00451114715134636,0.00516087019244923,0.00541917693135937,0.00481694481983089,0.00619377069442705,0.00544264524935925,0.00512477615380056,0.00531581764620897,0.00391174763376907,0.0064162816208845,0.0108356646548192,0.0100076372633837,0.00572974567891098,0.00634400621609651,0.00720027597332615,0.0116540567791122
"q_11",-0.00744666298745536,-0.004521569945615,0.00201496151523357,0.00084450723313328,0.0025542625565298,-0.00411682397452789,-0.00250039649447271,-0.00668446140770372,-0.00269777931047309,-0.00434237973962041,-0.00415345598180284,-0.00732491152450691,-0.00548132379443932,-0.00405435804734428,-0.0112339764158323,0.00432342562947069
"q_8",-0.00385652838971764,-0.00284883158406123,-0.00252709191005279,-0.000945533381639319,0.00058634204889305,0.000217371495144987,0.00144990769122208,0.00161831938575068,0.00353746462740032,0.00297930271074792,0.00453591800225781,0.0104524012473594,0.0120659258451177,0.0134152340810708,0.0124668337634458,0.0144899864242103
"q_9",-0.000335431429923945,0.000586689174801477,0.00182909781460059,0.00345059969896978,0.0023912340464184,0.00348582814450205,0.00142257797429224,0.00315203544967399,0.00535556029071365,0.00561888224901797,0.00712023830015176,0.00237496975097929,0.00113443126364738,0.00496874767477969,0.00319685596011448,0.00536476899156465
"q_10",0.00104732921533721,0.000530468242030411,0.000357331813718745,0.000495651988964347,-0.000151651228042208,-0.00113900265721183,-0.00028120158857996,-0.000323961002585526,-6.82416154801402e-05,0.00190493811971328,0.00173967065613867,0.00145668300289461,0.00179739573981918,0.00256854240356604,0.0021155233176193,0.00474184141277615
"q_11",0.00285098038043291,0.00372307441426834,0.00205215536335786,0.000192294968436055,0.00147282532229433,-0.000672454986803788,0.00155331554829449,0.00102468564027754,0.000809977696041886,0.00100433819119306,0.00160600608568505,-0.00328866326074549,-0.00644237713927687,-0.00752017800411866,-0.0127277816798661,-0.0130132215385578
"q_8",-0.000607576720494765,-0.00191390639098669,-0.00261713187760047,-0.00286102424838264,-0.00347526368220882,-0.00386470893737719,-0.00470474407547218,-0.00480298770820278,-0.00458394397047188,-0.00420181163177867,-0.00505008731392298,-0.00680444524140603,-0.00505084655008686,-0.00756492926774038,-0.00724743460541741,-0.00784901346484977
"q_9",0.000446138149799144,2.80811238400932e-05,0.00175768962249076,0.00156938062075832,0.00169772868772736,0.000560139231456201,-0.000186966554373703,-0.00145987218240223,-0.00150373147532801,-0.00481376169283226,-0.00292563400095344,-0.00141275304192307,-0.000425466518279659,-0.00178553084431574,-0.000767716585350316,-0.00435324697825568
"q_10",8.20571302574582e-05,0.000667534539911854,0.00085666904416804,0.00123524640753364,0.00149347459331765,0.00170101044524533,0.00217162389198202,0.00219406975453809,0.00286470834452837,0.00261907704458421,0.00329147086848778,0.00361830040242691,0.00387398998276066,0.00385744658478166,0.00321060580439972,0.00231442091613462
"q_11",-0.00032800683403275,0.000300491435706386,-0.000272036454621225,0.00063691734090043,0.0011202511722491,0.0019699816864215,0.000483014439299159,0.00105232788220424,0.000262385568338906,0.00308041488855614,0.00280669383139916,0.0053713290223091,0.00766793393569484,0.00704703022292975,0.0060007821940418,0.00856262181786435
"q_8",-0.0328628647067318,-0.0220472266673483,-0.018401676247267,-0.0172509554377194,-0.0177632624410329,-0.0189454387402541,-0.0194258669406367,-0.0191101688343899,-0.0253093131883605,-0.0226746161144613,-0.0231711699405836,-0.0300880475518027,-0.0367100793878804,-0.0408562507435994,-0.0453261765921268,-0.0375751617795276
"q_9",0.0354948836363629,0.0621625737055386,0.0530259280719423,0.0534717219328121,0.0594116442675493,0.0547325389216559,0.0592917600848698,0.0620920651400801,0.0642473169404979,0.0583538981571942,0.0612755601282032,0.0648200794645513,0.0778455923745347,0.0808551418292958,0.0825425902640653,0.0771186475525588
"q_10",0.00364674770242384,0.0101834810106431,0.00962052612198199,0.0106263183073266,0.0133485394268243,0.0112155121806054,0.00617662665181224,0.00684284072313033,0.00856486271826253,0.0117467533100321,0.0118340808482107,0.0118154454678475,0.0117377031334163,0.0147843331184905,0.00967206204401185,0.00636143084696988
"q_11",0.0116176896190538,0.0300268906687505,0.0416132369056838,0.0479582578941936,0.0447918453080456,0.0539445450300017,0.0459286041788299,0.0456545549285161,0.0387003755503392,0.0379848610815368,0.0321744955884534,0.0399733103099128,0.0455672852728925,0.0511545122894427,0.0484119308535601,0.0453132106527883
"q_8",0.01990665901111,0.014207933744828,0.0167878189837624,0.0161027537439338,0.0198219175609131,0.0221427294385638,0.0258507127470759,0.0277225968104277,0.0300510358692701,0.0282140967246598,0.0263941256058991,0.0298081998234902,0.0357021381632078,0.0407021251765291,0.043686217681134,0.0443679413924462
"q_9",-0.0125246978128614,-0.0331893216211545,-0.0250946257403498,-0.0279007721115772,-0.0290113868021734,-0.0308628446064679,-0.0305455251153314,-0.0302382779220306,-0.0385872805981443,-0.035664511035803,-0.0403250818609314,-0.0340639336086595,-0.0365816004614108,-0.0358573051091093,-0.0309090613498819,-0.0352110408026324
"q_10",-0.00344623224722862,-0.00653347015980061,-0.00716870924442753,-0.00749274377923278,-0.00567536459822283,-0.00665502030931366,-0.0091044816213887,-0.0121259696268156,-0.0118720782567282,-0.01409984558372,-0.0166175715973472,-0.0147985302591295,-0.0139665726038451,-0.012440630924684,-0.0144716785156639,-0.0204666589580515
"q_11",-0.0107606249596634,-0.0254294885707182,-0.0410992607833118,-0.0486885975447815,-0.0492997065038401,-0.0423687335100948,-0.0428235911759648,-0.0451744876291455,-0.0394654205025797,-0.0376024342992264,-0.035900384222499,-0.0427087617965197,-0.0451566190290963,-0.0440616810776224,-0.0403645994773249,-0.055826490503493
"",-0.215847209193745,0.402777252099686,-0.185630769672669,0.217827558938459,0.115804265614896,0.667291854562397,-1.43180513223325,1.00880767549598,-0.281493236882787,-2.87191602792343,-1.05538355593986,-0.474357577179658,0.343996004787397,0.144342737324602,1.16258167904707,-2.20933180077068
"util",0.0960450356515707,-0.978887286763231,-0.384250134596657,-1.15378181764865,-1.23373794914796,-2.09137213090424,2.13303613469747,-2.59525645446439,-0.535909734863796,4.16759892329568,1.02430224486617,0.441494341630151,-1.22552549640805,-0.566481453637775,-2.72641777673048,4.63722674832915
"util",-0.0272624301692419,0.520652331090058,0.32871380348517,0.772893559291557,0.93782312589628,1.43074197453889,-1.29214800961007,1.74887362832582,0.524777422720807,-2.54718138117008,-0.572485981004244,-0.384997618018981,0.699143961262026,0.259325038913012,1.71006438566661,-2.95178698923493
"util",0.00156413686312541,-0.0886935416510783,-0.066918543121034,-0.15378456928998,-0.19460421704608,-0.303215820782325,0.267243075283668,-0.365998517414277,-0.123503811913932,0.573780948663998,0.133939678183622,0.131613505499379,-0.11642784048994,-0.0480699697626013,-0.345924058220861,0.601267740061813
"Z1",-0.0527679513023592,-0.0299829316572786,0.134832519460762,0.161195095434664,0.226343864534648,0.144002104246397,0.116466886055394,0.226998215756749,0.312533738758593,0.498656509720939,0.32993122066603,0.0166247125950713,0.127769523160972,-0.0769608498616405,0.125790456188366,-0.219622294768022
"Z2",0.0826947539491425,0.153814873799801,0.0803643319680144,0.0685940634211862,0.00691579609923784,0.0189335681817856,0.00365545850482193,-0.0426376783509266,-0.159275077171685,-0.0275462040811138,0.02925761783507,0.275895387111232,0.0228227152278782,0.18166015001514,0.181489096575732,0.221899545185948
"Z3",-0.0169104955838073,-0.0242822813869921,-0.0165731602687575,-0.0198398460928954,-0.0101744809336487,-0.0148808301496772,-0.0122154462209209,-0.00632288544616461,0.0112175059435805,-0.00133789256337282,-0.0133426371069909,-0.0546921523657632,-0.0183219270749864,-0.0393978271633993,-0.0455220955303661,-0.0549163394137012
"Z4",0.120599475618765,-0.0512464642389756,-0.163833066564989,-0.240694829479968,-0.148097178996146,-0.165858619952908,-0.0684227639048304,-0.274783396011976,-0.183010862347227,-0.279339504161741,-0.445697706249097,0.0458289590705627,0.0312117760066962,0.0385411643997147,-0.208405453397007,-0.082544418878968
"Z5",0.0337322741148237,-0.135061507808861,-0.146803047768797,-0.10717693238193,-0.141635812931,-0.301127967440728,-0.265025749592751,-0.241041568785638,-0.229960042155826,-0.220208902381596,-0.268543420145942,-0.223563638691123,-0.23277251656479,0.00188733352690732,-0.104779424066574,-0.0504543568273717
"Z6",-0.0189758127245706,0.0140001763458569,0.0243193443766255,0.0373245117953766,0.0241953552508796,0.0236597333015268,0.013327323377436,0.050447193277565,0.0442008355918004,0.0525723180792302,0.07420711107603,-0.00730924374161572,-0.0159096109046723,0.00615766395822441,0.0349632195403028,0.0165255843650345
"Z7",0.0118146155982392,0.00975395095495352,-0.00934416032905887,-0.0102225260401106,-0.0169322099344341,-0.00634134132817408,-0.00508998087644578,-0.0214236357286609,-0.0317025585512565,-0.0527096709203998,-0.0311859732914195,0.0103931456497993,0.000937782934581608,0.0140302909353007,-0.00699588192159176,0.0354667759884727
"Z8",-0.0524608767845861,0.0690584909884725,-0.00280998620019757,-0.0294317498862302,-0.0723411175217867,-0.0121689355080172,-0.0327707060860466,-0.110535353115875,-0.0742024014609619,-0.0938968094888464,-0.147437476782329,-0.0745889819582896,-0.145250375508872,-0.103896427192675,-0.0751093807626333,-0.08642414211086
"Z9",0.0682254756558057,-0.19210929334088,-0.0800596736266639,-0.162758783060776,-0.104075034123026,-0.0771685282969577,-0.082027043748846,-0.13640125082242,-0.0764402326381372,-0.0897580905607491,-0.132485546809999,-0.0543632199827543,-0.0842207045307114,-0.0986742399549729,-0.0405986989735119,-0.157486154232692
"Z1",0.0363851410180738,0.0465244264076156,-0.046855308949235,-0.0415413064117339,-0.0899079369063236,-0.0347008880641961,-0.0328933068416256,-0.0940903497853176,-0.1161416955142,-0.214207732718572,-0.145381123766076,-0.00861699469561534,-0.0217102925771478,0.110820625996635,-0.0414847474686598,0.0507634019214523
"Z2",-0.0294002435294762,-0.0860656064919783,-0.0251683240161946,-0.0155454651248944,-0.00361033566525127,-0.00175967013220154,0.0236709802983792,0.0489172456572633,0.137523645834467,0.0413161088882561,0.0741716372861984,-0.0413825768070811,0.0408615189642572,-0.0754002811648816,-0.0381448847926728,-0.0430023344203158
"Z3",0.00509823719215527,0.0135776387756353,0.00381666439237882,0.00369138584632299,0.00144279230838871,0.00282878044912887,-0.00289111257655269,-0.00586834307253203,-0.0198731007644369,-0.00716677527282907,-0.0112983809630541,0.0081803759664519,-0.00242664648125805,0.0128439803594679,0.0100840367241542,0.0147559943905387
"Z4",-0.0276910686855959,0.00824305966353556,0.0662942651040236,0.0810565491346036,0.0531911002137678,0.0575799886329046,0.02319734043009,0.0839098755448684,0.0406825282740012,0.108653337580853,0.189546158155526,-0.056504087642842,-0.0575366715841175,-0.043655107088245,0.0912117883535055,-0.0177268294350051
"Z5",-0.0106575911385715,0.0510216945074266,0.0597185131260311,0.0492525882490277,0.0584564896733018,0.0968058347489969,0.0768154246334093,0.065937462471755,0.0444246754813822,0.0616598615569763,0.0662129002996974,0.0413990257381023,0.0966460185703859,-0.031157945078771,0.0261550778448729,0.0271094054759855
"Z6",0.0047551077291474,-0.00329051984549725,-0.00901225258881875,-0.0111522027503709,-0.00843700708680579,-0.00657233534384536,-0.00248552337555405,-0.0139179691632797,-0.0103223276080613,-0.0193846951030436,-0.0278504189986336,0.0105212533596083,0.0163131871859543,0.00105712115206846,-0.0114749577967021,0.00670711204520662
"Z7",-0.00498411854484238,-0.00734374531315675,0.0049974854129798,0.00361208255202819,0.00914993434442496,0.00179026148772938,0.00353059421127241,0.0111623302383697,0.0148739888985261,0.0254728184021012,0.0172737646506309,-0.000897518347144927,-0.00264552043340838,-0.0116752737531418,0.00355590236114197,-0.00813405977472154
"Z8",-0.00182369776013702,-0.00211632061222663,0.00272566929518631,0.00548508604512395,0.010614697549626,-0.0151006090214708,-0.0226232242335129,0.00655808113921093,-0.0153436022156255,-0.00750949857202284,0.0311973916234915,-0.0117433419411791,0.0668188031527803,0.0434531824962038,0.0588572332625743,0.0579749292922837
"Z9",-0.00702038063496711,0.0465483398875796,0.0237727652225748,0.0602801950142128,0.0265269335105026,0.0253954014496636,0.0304074218704396,0.0621609144745439,0.0252320146086717,0.0484563313339425,0.0686247520114169,0.0366448743392794,0.0399173257703373,0.0192244829743812,0.00256360900521617,0.0525783235195093
"q_9",-0.215400197592803,-0.185374190476164,-0.180359581556743,-0.187881178520928,-0.185601738425672,-0.192625635792028,-0.193054734115639,-0.193107753196958,-0.204164723328017,-0.235179341151394,-0.228307062293761,-0.252144364036633,-0.281803928991927,-0.266053729985964,-0.235666255588177,-0.187886986546815
"q_10",-0.00519418340867254,0.0026955083856494,-0.000486107268076225,-0.00777446675375814,-0.00792581004185173,-0.0179004396898435,-0.0252936203653114,-0.0191266001547878,-0.0128651277247259,-0.00870981137019224,-0.0190255157116239,-0.018450032330757,-0.00487711546486868,-0.000894003035551077,0.0078824697371415,0.0007359324309315
"q_11",0.0144951377330737,0.0390044099924848,0.0707811923040093,0.0820278192859637,0.102819881910601,0.0767347453985661,0.0697346358575819,0.0725433591106046,0.0854658070954463,0.115675448914968,0.101036259534793,0.0816488682213779,0.0723861847018798,0.0639789126875999,0.060618418238834,-0.0161811069987768
"q_9",0.0689576084395681,0.0470649401373066,0.0425191798881892,0.043162715974621,0.0427796652329127,0.0414443354078364,0.0399940481935982,0.039374409612396,0.0372324872867278,0.0539794650140679,0.0468746746786199,0.0565239575242342,0.0777021556573812,0.0725890681187858,0.055239578643517,0.0230291340008815
"q_10",0.00959559603870425,0.00534711014808729,0.00849904940397356,0.0111008978428641,0.0119962305086999,0.0150254670100996,0.0145993776245036,0.00891994738204955,0.00393673313438046,0.00315978756180699,0.0119519123913415,0.0147725253150309,0.00604096095873781,0.00907648121228543,0.000316168818175532,0.00106742051294649
"q_11",-8.48892321776271e-05,-0.00260273592304302,-0.0207024190659486,-0.027113561367132,-0.0313516793117301,-0.0230237485752859,-0.0173198536453819,-0.0214855965694002,-0.0261545245938936,-0.0347177503219736,-0.0286553946107632,-0.00744019809531996,-0.0125927178955889,0.00876004992777274,0.010042767738343,0.0526610696357389
"q_9",-0.0358597433499861,-0.014147101614291,-0.0125299456682403,-0.00489840193713218,-0.00634128714880815,-0.00192482631268166,3.00081961589842e-05,0.00626043863755939,0.0104562488654894,0.000370958466837738,0.00931758000194507,0.00797654595838137,-0.00363337399222908,-0.0226103416150238,-0.00752536885587273,0.013023876221106
"q_10",-0.0102880455456387,-0.00915037461777221,-0.0116765885882448,-0.0106102299075093,-0.0136071768721165,-0.0107234536495988,-0.00610214916491367,-0.00375905026142416,0.00238436362056912,-0.00402600393193867,-0.0133882837547142,-0.024546586185459,-0.019437610019851,-0.030218853899689,-0.0168307310983391,-0.0168692872285395
"q_11",-0.0054592156049174,-0.0128821110158254,-0.00639861339863478,-0.00635657800069657,-0.00718871548850132,0.000108022125335325,3.72122362708611e-05,-0.00333066390514064,0.0037302946494493,-0.0110229680776809,-0.0158705349287133,-0.0406273101688582,-0.0156443345674828,-0.0399439123048597,-0.049361435646981,-0.0571416195693319
"q_9",0.00632952248716311,0.00274057875661938,0.00275303543988094,0.00128316556471932,0.00124814218007132,0.000769563307467214,-0.000378569532186238,-0.00164209661381106,-0.00260196320181207,-0.000404491230456482,-0.00268986346860405,-0.00237554622241766,-0.000933393948605788,0.00285633007190267,0.000435216850120438,-0.00343677432240096
"q_10",0.00172144186783206,0.00145463823963008,0.00183576488595456,0.00178244935873791,0.00253463324737691,0.00208168235372381,0.000969031645593394,0.000506679705091116,-0.000464083688483041,0.000589714125727925,0.00291419305000431,0.00540268695121679,0.0046263171868669,0.00646604654740461,0.00399042705269107,0.00475542975932793
"q_11",0.00119539691341392,0.00223287099617759,0.00130683174307079,0.00190593212910644,0.00215826097514417,0.00143768914001645,0.00147751984979593,0.00176829590291623,0.000817641355727503,0.00346217805301669,0.00370030875723369,0.00897971885982436,0.00489855362636004,0.00861631295543253,0.0100114062853106,0.00989065106662834
"q_9",0.00887894521578777,0.0180334183958217,0.0139831846649326,0.0137659372206889,0.00956093683730389,0.0103312017121196,0.0120386474310761,-0.00490131135187108,0.00320986559731734,-0.000974759743778419,-0.0150324444861679,-0.0180871699295558,-0.0336845212670264,-0.0414154388133028,-0.0441557744731024,-0.0442767898354147
"q_10",-0.00449071581979947,0.000383480011690452,-0.00150341976007436,-0.00164145343092057,-0.00293796273819449,-0.003536462453528,-0.00183325144215894,0.00283369731594562,0.00899909809839746,0.0144048793441921,0.0141432796101194,0.0217427380393994,0.0219894490071481,0.029653893192964,0.0334213763955337,0.0445607695112301
"q_11",8.69937659999299e-05,0.00642182566148627,0.0195519508407667,0.027940460088371,0.0195325368140195,0.0155804974956613,-0.00218974436208624,0.0152982918326933,0.0041999891696208,0.00826902067408575,0.016368202468311,-0.00467249636575773,-0.0250509118200499,-0.0614775540494379,-0.0578137869404103,-0.0411988799989646
"q_9",0.0154486613231497,0.0127523309691596,0.0105729523673746,0.010759072502354,0.00324610678338319,-0.0106981482902043,-0.0114230419660374,-0.0157273864859186,-0.0244564149901614,-0.0223110994904307,-0.0314471861265492,-0.0333108751014334,-0.0400526151113525,-0.0387103140678791,-0.0526631866093567,-0.0530742896925579
"q_10",0.00229548099834357,0.00380872343252319,0.00374009086889187,0.00746524325989869,0.00788573249261022,0.0123787811004134,0.0116410112019145,0.00997312152257906,0.0121213250410019,0.0139016638040102,0.00926066946301701,0.00588293892814024,0.0130640612785214,0.00754142267801993,0.00315306574981436,-0.00896273543159208
"q_11",-0.00866664761551392,0.00135909375594577,0.0100639131161591,0.0139054074262433,0.018713805289881,0.0332922038156278,0.0260193185860133,0.024694934396018,0.024257839124392,0.0206630063890491,0.0243819150917525,0.021936788950711,0.00694244517306196,-0.0084187133369553,-0.0070818164309782,-0.0303085745909396
"q_9",-0.00196953700972442,-0.00375219944891008,-0.00304706318742522,-0.00312199540809157,-0.00196770080416422,-0.00187931257352521,-0.00218006604695574,0.000940237478724139,-0.000166463806376466,0.000992593663716444,0.00425384990550743,0.00554624315332888,0.00882967704016416,0.011190922440733,0.0125251817845563,0.0127557606355699
"q_10",0.000858892469637629,-4.59087033292001e-05,0.000231511986419402,0.000378763104821376,0.000513004148435503,0.000578823580628324,0.000113652380260866,-0.000687517004314804,-0.00197355954179163,-0.00296452974174409,-0.00261825675859802,-0.00438573473059575,-0.00426996801484573,-0.00646492883636432,-0.00744062592776027,-0.00916528878419274
"q_11",4.0608985669123e-05,-0.00147809725465105,-0.00310282944578464,-0.00452521813621288,-0.00312467584124678,-0.00207866250108082,0.000983662304771979,-0.00283805217782031,-0.00171013400536041,-0.00159691670816984,-0.00281541156762428,0.000643418743888316,0.00543619352158332,0.0108771082947886,0.0104244027520627,0.00660920464252363
"q_9",-0.00756305642590877,-0.00431543366153984,-0.00396978347575186,-0.003628422000564,-0.00375516386344595,-0.00357675502827227,-0.00286338769351456,-0.00282318813615842,-0.00215089641626217,-0.00455566086337915,-0.00361772745530877,-0.00498117606642391,-0.00756301427696715,-0.00755824792166827,-0.00592195998481939,-0.00155980857111551
"q_10",-0.0014296548093229,-0.000846602893913924,-0.00121797312087002,-0.00157794116552169,-0.00178198693980497,-0.00198664565546037,-0.0014987706196287,-0.000695372237573674,4.0078537074113e-05,6.5204979829542e-05,-0.00148287108663026,-0.0019458392413877,-0.000931176928827095,-0.00126207972939361,0.000218050065988988,-0.000170506417670578
"q_11",-0.000408905237871542,-0.00026344699513164,0.0019736894791276,0.00238773687616864,0.00258998951871221,0.0015672635360029,0.000739335269822711,0.00175713279181997,0.00211849359085507,0.00249036308597072,0.00198930273922564,-0.0012239925096615,-0.000544262587907668,-0.0034263766824527,-0.00328724940968316,-0.00743637673190617
"q_9",-0.0681844389023863,-0.0663708222429599,-0.0639247954065422,-0.0707348146553735,-0.0790676006164859,-0.0776458321069347,-0.0865430040402804,-0.0919797028250277,-0.0936235429007486,-0.0969335269266251,-0.097058078978585,-0.0957028850340747,-0.106806960399078,-0.111446631724127,-0.1178082043354,-0.127058936522313
"q_10",0.00282929985389433,0.00421023054816884,0.00433609417644533,0.00592800853858254,0.00635385914367976,0.00369100356876266,0.00657740131828251,0.00603517933988269,0.00698132949695733,0.00788789574912314,0.0103007406149339,0.00352753526643112,0.00517506176755264,0.00416671554910452,0.00244894064440043,0.000219747097385192
"q_11",0.00560019345938677,0.00248521026356938,0.0035226401709347,0.00815469130022606,0.0119734753403536,0.00914972461122603,0.0117506725470804,0.0215638711162775,0.0225325812244633,0.0227585893300602,0.0261740418392959,0.0250885829742906,0.0222548702874242,0.0184843779409023,0.00920080288546334,0.00303604130122406
"q_9",0.0277289040836404,0.0180265275417868,0.0206277310100333,0.0161936172007941,0.0169659875693404,0.0235838683550111,0.023290794898655,0.0243186631709234,0.0329337191291909,0.0385244822452982,0.0451903503422949,0.0504216758154035,0.0559261788171865,0.065765112054106,0.0763705825670945,0.0720371623654528
"q_10",-0.00552831456534886,-0.00377670326859604,-0.0039530256165017,-0.00358447713039826,-0.00398855494134391,-0.00390063885629872,-0.00202369073376309,0.000320663217067321,-0.00324371011228761,-0.00271431436280475,-0.00465512746677546,-0.00655275601899673,-0.00873499990131672,-0.0101951939437426,-0.00912350150103527,-0.0043434195315522
"q_11",0.000460611705162582,0.0101690543463961,0.0075137287680751,0.0153925773450395,0.00801919611071122,0.00839035738490179,0.0104536989045439,0.0144641288441094,0.0117324448701085,0.0115028649375187,0.0137890906116888,0.0123080322057033,0.0235705176518426,0.0350003118693694,0.0343465849277275,0.0401358213155694
"",0.475887720319618,-0.084431963011673,0.340275361194995,0.332534994031779,0.427591186722177,0.0255056774320187,-0.232890799089075,0.639174449088561,-0.387406978406924,-0.563873236385333,1.47212965974751,0.939343378397786,0.501318950570076,-0.122166760849277,0.626523031522815,0.767175727375468
"util",-0.239243807528627,0.415617039165178,-0.17948424161789,-0.204056894014992,-0.209660523470675,0.495613515690733,0.979660673403442,-0.673217224009634,1.53995696372884,2.09731477712062,-2.10843890703071,-1.24902480923958,-0.159412609621682,1.18905836455036,-0.117132408215457,-0.484972613538132
"util",0.0422620593999801,-0.24649924921064,0.0588801146645685,0.0906666862944648,0.0698449113588704,-0.355815564620697,-0.648395646359146,0.425085896187692,-0.995801726501666,-1.48528297202955,1.42916979613374,0.935590842709422,0.130706990506903,-0.816999487437532,0.0273124302353067,0.28365418304696
"util",-0.0022043590729003,0.0469583032219137,-0.00884944890596068,-0.0174042310865157,-0.0137973358030284,0.0723763158304228,0.13237712898363,-0.0919732021006137,0.201443916638632,0.332386749991219,-0.338593371436268,-0.240073469938703,-0.0396481674938607,0.182342362102447,-0.00610644692239735,-0.0617812620954029
"Z1",0.053207414078278,0.0223795778141323,-0.050640175041163,-0.0483269004719896,-0.108221613270755,-0.0821918966931954,-0.0795080078531823,-0.0400788176636594,-0.162859300999687,-0.1726436199594,-0.214171638034195,-0.150309956217557,-0.140345880756013,-0.147141063344512,-0.245180488780179,-0.302291520247613
"Z2",-0.0646553637021861,-0.0475311604556981,-0.0463477039880332,-0.0187927081135102,-0.0132759084242118,-0.0173662070871556,-0.00992296442005618,-0.0555471572474202,0.0581047962872897,0.107861412822985,0.1223088639746,0.112221274247754,0.0641203861784242,0.0229768364045988,0.068544742808141,0.312667329146366
"Z3",0.0110676160861759,0.00748336424743378,0.00826434153031261,0.00166217116520418,0.0036671026869021,0.00473578294694216,-0.00309992365743214,0.00921441295638903,-0.0119204147479417,-0.0160460176359834,-0.023523282602561,-0.0223193229812744,-0.00946638471290013,0.00209648100210406,-0.00422325314390006,-0.0612710560885118
"Z4",0.0213908325979586,-0.0484003105194473,-0.036671092983329,-0.0124360916834321,0.0433522694886256,0.0112187843802782,0.0334218798171887,-0.0775464921420409,-0.026368882931814,-0.0749159229289107,-0.0403346325344583,-0.0808579712747537,-0.119366467585776,-0.0364566338066807,-0.00626209002341878,0.0724706874602321
"Z5",0.155282211601531,0.0561785301978246,0.00369996478769009,0.00207969598324936,0.0187034198837427,0.0304475859012473,-0.0182199254220744,-0.036935591063109,-0.0170277147407431,-0.0624564006994353,-0.00235085509089059,0.0278894451029609,0.0908548955946812,0.0165055549974803,0.0464440202635403,0.0595746316804308
"Z6",-0.00290100868779092,0.00761925782309416,0.00235150102893636,-0.000369125868593171,-0.00887546020225019,-0.00445780638827819,-0.00799151997298187,0.00931808640276994,0.00415191340909379,0.00977564087408436,0.00797000622466229,0.00975284496625306,0.0217635138234952,0.000108622242435596,0.00364386125836575,-0.00581819104810893
"Z7",-0.00689829469755082,-0.0033067119642429,0.00386247576879031,0.00496299254826372,0.010357880341176,0.00757488669415039,0.0108890370951516,0.00272907162239246,0.0176611812106119,0.0181211903594927,0.0249859525782221,0.0194190516029941,0.0116901598464851,0.0152927539774031,0.0257004844499819,0.0439693675638981
"Z8",-0.00855884793212295,0.0254825458896687,0.055982049271505,0.0406132508950649,0.0353559123649884,0.0311154691093065,0.0377954941978881,0.0475650393495897,0.0727887350318746,0.0766011331543535,0.0635120700602385,0.084268649285558,0.097236314227396,0.0840060558723716,0.0590616377198808,0.0175198940222102
"Z9",0.0567229026750515,-0.0347507890824894,-0.00708580972518697,-0.049940468121246,-0.0514142345602775,-0.0423842159069542,-0.0394530170319833,-0.0504572096460321,0.00295596158936703,-0.0260096332747118,-0.0124859047686755,-0.044265366468732,-0.0594712095777441,-0.0177582999907117,-0.0401556202839658,-0.0424602851009587
"Z1",-0.0101127224641548,-0.0164220744799954,0.0197777592948315,0.0184080493212641,0.040603968050486,0.0306615024818883,0.022894053141391,-0.0221549066001623,0.0198604222420722,0.0278474658796139,0.0507501321509491,0.0343575200608924,0.00849383791094458,0.000997048641312691,0.0415900222996273,0.0676205214831656
"Z2",0.00900518272773677,0.00680869409369704,0.00447779638902822,-0.00293507334399968,-0.0127291390809084,-0.0111963626267499,-3.11486720553104e-06,0.028032467753504,-0.0090273389078012,-0.0287474232705551,-0.0455956907087627,-0.0683049733519097,-0.0255563435159196,-0.000815079309119844,-0.0278772184176356,-0.125556900453362
"Z3",-0.00165897539482818,-0.00102571866219045,-0.00098954052391581,0.00024574039197533,0.00122790026558712,0.000825230821385848,0.00130259059874363,-0.00568972553818812,0.00107303698872947,0.0019913458784184,0.00824665649433546,0.0137104078636646,0.00227535110919268,-0.00379816252273658,0.000285952152032516,0.0250192946199025
"Z4",-0.00709847056215284,0.0208306084720467,0.0165924457672324,-0.0054763437344557,-0.0232835520959751,-0.00300431912821942,-0.0189612211829902,0.0521045909573225,0.0326089266641528,0.0438925631677051,0.0226947812313155,0.032821402809923,0.0481300240161318,0.0218799139044952,0.0032335560276776,-0.0534383907913928
"Z5",-0.0197950865160361,-0.00766447830906952,0.0165687966911907,0.0247383777072539,0.0203657879947432,0.0195815485923445,0.0402866828579753,0.0470933215723835,0.0343698157236577,0.0771816676041561,0.0534205252679449,0.0250055843076083,-0.0058763053653431,0.0355162370418708,0.0105161858131269,0.00459023969735585
"Z6",0.00111081390443559,-0.00330289598687566,-0.00134872441188548,0.00181103464422793,0.00487757016833946,0.00162356329699828,0.00432865931293021,-0.00715425905484797,-0.0058537333059278,-0.00625404064493844,-0.00430145031009483,-0.00345185579926226,-0.0100352387754692,-0.00184584329143776,-0.00189907074562079,0.00785184691176904
"Z7",0.00111665375893457,0.0014407476843955,-0.00210339366941053,-0.00223671098614902,-0.00452833822884533,-0.00320174891708156,-0.00350278842543226,0.00369162553472817,-0.00103037969267115,-0.00150396748803208,-0.00586950594726924,-0.00638208531947032,0.00146167226698106,0.00111560519480316,-0.0027385699289374,-0.0115162570634748
"Z8",0.00492935975039536,0.00936867466032415,-0.00456213976669598,0.00470161892600067,0.00991084220690679,0.00706344659837725,-0.00230678689330406,0.00202755842582302,-0.00317222529461957,0.00766999689479794,0.026341300868808,0.0123020705477593,0.00723835561178443,0.00709670377336604,0.00147585293841966,0.0122117795247355
"Z9",-0.0113716986313351,0.00874813012560514,-0.00529164456545657,0.0158223227910139,0.0203117145464752,0.00911787940027662,0.00746815281143404,0.0139382362428056,-0.0153304072602865,-0.00719343951466244,-0.0168763550511817,-0.00362531593758806,-0.00116802567639962,-0.0167421611748698,0.00244669017592699,0.00416832539154823
"q_10",-0.0754847884269381,-0.0596905204621882,-0.0598953821774756,-0.0624585233358377,-0.059034213052306,-0.0567455414803003,-0.0621010352861239,-0.0713845259187969,-0.0823376332149545,-0.0822326100511925,-0.0802602321723856,-0.0828336044768357,-0.0834360950850742,-0.0951143226082485,-0.0874104240730872,-0.0975528709079576
"q_11",0.0169628865027967,0.00535108158211688,-0.000676802059659868,-0.00498283896983339,-0.0179047532023395,-0.0196969931309644,-0.0219383417656367,-0.0253401752803158,-0.0387118033168142,-0.044654538658511,-0.0491213942847053,-0.0456757365369366,-0.0580604409025132,-0.0509555760920606,-0.0668908867254916,-0.065538406596184
"q_10",0.0204763547376251,0.0127960485545446,0.0123228138459898,0.0135267552184363,0.0116720729064132,0.00943754288452031,0.0116752634073934,0.0158555177801805,0.0224166296459029,0.0214542679851035,0.0197617726317904,0.0151196815152784,0.0130847796838998,0.0228809536711286,0.0255377270991576,0.0352044975214734
"q_11",-0.00751826507654448,-0.00356507287231509,8.73271703504522e-05,0.0027955265912712,0.00835158515576698,0.00787966055754925,0.00742647858919891,0.00854430199317111,0.0175509540263575,0.0224662398659423,0.0253982516431803,0.0195782404233239,0.0285422255379344,0.0242273484252377,0.0340257735481988,0.0415840321162543
"q_10",0.000774191499903231,0.00209172610673933,0.00304468436902548,0.00175730996443605,0.00277778751760018,0.00274032163471129,0.00172022048942442,0.00305622680492416,-0.000752057045150402,-0.00195991367958103,-0.000775063855867367,0.00783547980706638,0.0109614705717714,0.0041528654157896,-0.00482014683927629,-0.0166193440347193
"q_11",0.00708757346450103,0.00329272376255474,0.00257914147300544,-0.000151941080445387,-0.00151969534104687,-2.03640261268623e-05,0.00115034401953701,0.00117350401562454,-0.00751491997718698,-0.0181430095952739,-0.0173869332229871,-0.0111697427237378,-0.0208177510288849,-0.0191866401157777,-0.0196209459405636,-0.0362026355402957
"q_10",-0.000107801470094252,-0.000191015190756601,-0.000423119457216632,-0.000179387476553608,-0.000462097406719141,-0.000448474478342533,-0.00028686738228454,-0.000541082852430557,0.000188472643547696,0.000231191008290679,0.000133429942386199,-0.00171679048354314,-0.00221807821472371,-0.000806448160007806,0.00106678116814323,0.0035331595040872
"q_11",-0.001290872433989,-0.000710330776445758,-0.000624747115025699,-0.000180245721738732,1.30392865183785e-05,-0.000363664111245149,-8.2024157637609e-05,-0.000339655050483722,0.00113810699317329,0.0028689196637253,0.00301265391629482,0.0018693542385704,0.00393918352764994,0.00338448183296081,0.00301840442931725,0.00689232407491728
"q_10",-0.00324676921149767,0.00159136281695551,0.00217869554499912,0.00262688215921372,0.00153915612168256,0.00379233888351721,0.00362117553951857,0.000287911713113417,-0.0011252720784256,0.00209750984898472,0.00255007522757244,0.00720742445791064,0.00645007435210625,0.00220959036567212,0.00244152701954506,-0.00591705660673365
"q_11",-0.00329947962521086,-0.000243749460713114,0.00294100248945125,-0.00140088514857741,-0.00574565367219556,-0.00506051283408914,-0.00418532982365364,0.00305738620406687,0.0010066181109269,0.00485354736727138,0.00165980446911347,0.00429884370406158,0.00780900800589787,0.00261054859331541,0.00199788100677601,-0.00933607544138159
"q_10",-0.0129887919574543,-0.0111432371916599,-0.0136550508811274,-0.0148263434508293,-0.0154791105164118,-0.0150253154873773,-0.0153573614994562,-0.0149273834250667,-0.014277005638985,-0.016019568170598,-0.0207069963268862,-0.0231165407654948,-0.0237974557878764,-0.0212443600709838,-0.023003019849188,-0.0321920815294289
"q_11",0.000566802233164992,0.00503927692638384,0.0107349486265796,0.0128808358132279,0.0114816406127407,0.0101075959065851,0.0121663990286274,0.0124246590744395,0.0107632097942576,0.00970085272982422,0.00208925570733703,0.00206020054166479,-0.00165386657668777,0.000444504692560228,0.00129364960549404,-0.00242627962289324
"q_10",0.000225244695894748,-0.00053001277130501,-0.000623873377970287,-0.000674107653975799,-0.000472588543017526,-0.000758721438196482,-0.000699981348005003,-8.05322528384756e-05,0.000132981548519056,-0.000407831527077262,-0.000578703089909197,-0.00138629381633565,-0.00104242382381219,-2.90377453243355e-05,-0.000495452995104105,0.000987588453236228
"q_11",0.000379215619131782,-0.000131089806801233,-0.000277321127016541,0.000331314943720963,0.00106855420798913,0.0011156114280837,0.000884200267781058,-0.000281381919370646,0.000137901775819436,-0.000534078125235176,-0.000101191202997079,-0.000432740478662003,-0.00109687812429498,0.000183571679660058,-0.000308835585170944,0.00115232615955663
"q_10",-0.00156928603933159,-0.00079469320375838,-0.000688460711289597,-0.000838808746614553,-0.000578953661653969,-0.000351774920887035,-0.000615736071635374,-0.00105351138300835,-0.00185573726000672,-0.00167461133510065,-0.00144265763631117,-0.000476394651220515,-0.000179471045488626,-0.0017351888137452,-0.002594667042897,-0.00419779002853955
"q_11",0.000941848023198264,0.000471253416317052,5.57753196693196e-05,-0.000273949747800521,-0.000852370460253963,-0.000747751879687142,-0.000823142094975737,-0.000789008605665359,-0.00188210352399565,-0.00256407443471118,-0.00301799281418763,-0.00209937552329074,-0.00327223992480853,-0.00288746579073904,-0.00404057255780827,-0.00595262405382634
"q_10",-0.0097751991945674,-0.00561983428335698,-0.00582837137625841,-0.00470479095151716,-0.00464146167250215,-0.00373631042045245,-0.00291545877231948,-0.00367459436376181,-0.00381472331937198,-0.00513218313355793,-0.00586020473711282,-0.0079637423080114,-0.00810259303062854,-0.00573185438502802,-0.0028171517060052,-0.00163117116921966
"q_11",0.0016740541258737,-4.41149348441345e-05,-0.00101731682845235,0.00110498564066357,0.00269056976524855,0.00257990330084624,0.00140362920015043,-0.000873374573218256,-0.00285215794306376,-0.00139681506676942,-0.00225876781015338,-0.00502759085956372,-0.00901894607891838,-0.00397269952779349,-0.00228098112218382,0.00101653884263857
"q_10",0.000346575239975067,0.000472512742535051,0.00142080836854755,0.00169685854324182,0.00147279488348457,0.0028961232099522,0.00370999157908579,0.00382111586788852,0.00357734494513814,0.00685745340449949,0.00570321866410975,0.00926456215000242,0.01025682672938,0.00924453598226557,0.00815490703144051,0.00938272032682248
"q_11",-0.00230902578234499,0.00169959704105328,-0.00107700960175485,0.00191912291239918,0.00389301072469839,0.00297915720278308,0.00260403238765696,0.00334270330541094,-0.000977855838415908,0.00178110349117058,0.000440607810119176,0.00226340592182082,0.00314035171131243,-0.000432498964248783,0.00121576607479212,-0.0044220237889209
"",0.665319359943609,2.14133768933444,0.58676309413791,0.636477032867945,1.04241864038446,0.30892313936892,0.644014117205263,-0.38470633759361,-0.267964186209516,-0.615215489308297,-1.45227668035702,0.577020498874227,0.832560608175669,-1.26050967131755,1.59161682019816,-0.660385515925377
"util",0.00714573234855297,-1.39811638964453,1.01109590853088,1.27990556968813,0.453447549417643,1.37484239152688,1.38238642641862,3.4048177718886,3.71828835002552,4.62325577706852,6.46894117102064,1.57170384107979,1.63704988678847,5.17732690799306,0.0471407858065714,4.16650674820243
"util",-0.00980816050974903,0.595445232642663,-0.55188434780075,-0.783206486658541,-0.269881176941803,-0.74704102869866,-0.868207046934277,-2.17129235919746,-2.46989242073495,-3.17401774681454,-4.48228427983138,-1.07061278437178,-1.22646810494046,-3.41321955538418,-0.166401658466808,-2.78866152852441
"util",0.00141679640088327,-0.111878621288245,0.0807249265317574,0.129650395514413,0.0320015822086066,0.129607003014703,0.14825244753384,0.426645332867504,0.502287618481293,0.674859884392028,0.997474648098726,0.219780422828792,0.252236730082491,0.707147552117067,0.0233171391434571,0.575245673346524
"Z1",-0.0411879783334002,0.0851337935197476,-0.01241147309788,-0.124358667051696,0.0209304186554094,0.191695202988371,0.0429635762339783,0.0692239000205775,-0.037905505133765,-0.0679475604428407,-0.0412127066412447,0.162092689485935,-0.142544147825347,0.0605691687710189,0.0349251909393822,0.347379130006228
"Z2",0.0436483938776395,-0.024343791357477,0.0153413332610194,0.0361961104057561,0.0228924689809564,0.0942632427699202,-0.0125829060574522,-0.104824324180263,-0.109690540977198,-0.00558050801135645,0.071283625159155,0.0978772830697161,0.0989411641457619,0.0124860901133319,-0.243311351771758,-0.53858694347616
"Z3",-0.00967372456563584,0.00203169986752891,-0.00207460422733407,0.000844553807386427,0.00144033810822558,-0.00599512751265256,0.0112223311353918,0.0333529463293975,0.0336155333656661,0.01112758949174,-0.0141919065715827,-0.0105397132362497,-0.030925981435025,-0.0032547084651567,0.0525440711824934,0.120334514084819
"Z4",-0.0932624303198147,-0.187933168655439,-0.0817166888491703,0.00602199117416142,-0.257518578882033,-0.451001225821342,-0.285736884895822,-0.246673069810691,-0.197798161706706,-0.247770517776745,-0.201953935292621,-0.217116191547787,0.0709501346832405,-0.105009161544763,-0.145852660591834,-0.378925192068633
"Z5",-0.118123900074484,0.0514869938103513,0.00605458649881897,0.0924344104466284,0.0368922429017697,0.11296404139757,0.0890319889042783,-0.0912421832560392,0.0235897041599906,-0.209811920592578,-0.122654067389118,-0.0928399259626147,-0.129628866021029,-0.0067871293391949,0.0118052708738025,-0.101666347676881
"Z6",0.0124534400443024,0.00710902037088476,-0.00911029633389204,-0.0280227374110327,0.0241777163849873,0.0551215066216184,0.0265307265117036,0.023775090937343,0.00660611811843656,0.0321530885662753,0.0194075998253964,0.0250093115413085,-0.0434168763307911,0.00336223824380284,0.0197061531324455,0.0738102033404254
"Z7",0.00691464335513004,-0.00207065011865279,0.00779710530629573,0.0209584212554741,-0.000597154200749483,-0.0203793306229431,-0.0035306098506197,-0.00997955513901139,0.00477042831760084,0.00860362169600584,0.0116381701836657,-0.0166633461630081,0.0352720675982914,-0.000470357316162551,-0.00925841287249343,-0.0659900722431407
"Z8",0.104471823992601,-0.0184745614228086,0.00375442191670493,-0.00319597662993626,-0.0448989203225589,0.00530338016899341,-0.0912707561458748,-0.0908002923931853,-0.0954885239903833,-0.181814079881847,-0.164608848435375,-0.0562128287470342,-0.0505408415925333,-0.0344879963113648,-0.0130479976443388,-0.283092287202057
"Z9",-0.174818464891053,-0.217909332817517,-0.216596105888555,-0.252723519411387,-0.228283140577817,-0.187156549550293,-0.27113622265625,-0.223347504550153,-0.297279853541217,-0.130388656203297,-0.143244606661318,-0.26094608614976,-0.323284673140675,-0.367114793281987,-0.38348658220849,-0.414155519393536
"Z1",0.00112074781099989,0.0236596151842665,0.0135166020857448,0.0484653144803899,0.000925679559674842,-0.0693743970677671,1.38302432212511e-05,-0.0254307510221531,0.0212173317043515,0.0353604951161538,0.00234968534703753,-0.0328214546587424,0.0737092656041369,0.0553156635857154,0.0518819370627536,0.00168648445487327
"Z2",-0.00652650863262337,-0.0204892256072302,-0.0400510864620404,-0.0327892115720246,-0.0346030519914885,-0.0725239650197358,-0.0109302786140761,0.039271484248577,0.0311637319043856,0.00565994639805887,-0.0449986595605183,-0.0775992621634935,0.0146408129909168,-0.0518583532465578,0.0174760754193868,0.0833630412701934
"Z3",0.00135063591634253,0.00348233319929445,0.00775398964373341,0.00359522617247214,0.00594824272609709,0.0112043160976895,6.92318920157103e-05,-0.0127181225672171,-0.011379445042211,-0.0065259418966191,0.00836984072780073,0.00860424515136315,-8.68854341983536e-06,0.0109087404908249,-0.0094424582232884,-0.0243547355861601
"Z4",0.00202771553877111,0.00223419106904171,-0.0286410240248392,-0.044896794811987,0.0129512492530153,0.0922757998922935,0.0270066438582561,0.0339584554088934,0.0110305077464651,0.0303340620982378,0.0397517936001789,0.0961706565530188,-0.0307885167008634,-0.00157105147513201,0.0513092756299844,0.128844770927309
"Z5",-0.00341551437433367,-0.0698131751836151,-0.0100640277619739,-0.0479423987780195,-0.0172429211451686,-0.0445225520012194,-0.0538509410507218,0.00232498270568138,-0.031557380810524,0.0432396864044406,-0.00119456586932453,0.0240735101684042,0.0275964184358431,0.00177402126054595,-0.0361299666499599,-0.00650580829218558
"Z6",-0.000791008781844267,0.0033737550406009,0.0100838332510801,0.0130076717472303,0.00246507157437476,-0.0105424355034537,-0.000427734580691646,-0.00406923598939232,0.00481550126426734,-0.00522680139170764,-0.00351135910398824,-0.0211628344997382,0.00667726498129761,-0.00499123945282389,-0.0127729316970947,-0.0336815123356978
"Z7",-0.000509203706556853,-0.00393942156627628,-0.00507240502353413,-0.00720591308101441,-0.00205023391780858,0.00604932169514221,-0.000306222870153803,0.00582847293422616,-0.00194945410750167,-0.00222080163197018,-0.00194375300247888,0.00608205488065437,-0.00878331077436278,-0.00609667484066766,0.000850089163179583,0.0107978667562049
"Z8",-0.00963482771511556,-0.0188142356706186,0.00618584557392693,0.0192654266425653,0.0447262043874249,0.0107581557835937,0.0460639649525082,0.0462789921320607,0.0436525225752993,0.0843360682623732,0.0556511917088694,0.0353749399663444,0.0120553068861163,0.0153677111365826,-0.0307416260724321,0.0744957382381163
"Z9",0.00964324449246162,0.0471066027557588,0.031466064183499,0.0307814360758935,0.0203666103582264,0.0145918646143706,0.0454797951019274,0.0304841776901115,0.0747581667149587,-0.0136154083521799,-0.0221265503042919,0.0175869196529595,0.0386007700110899,0.0403865384595559,0.0512398024471899,0.0272589342119961
"q_11",-0.150719771918761,-0.170676825070137,-0.165552130048277,-0.184302817740561,-0.177248502549091,-0.161150030942949,-0.1986265327612,-0.20190108941706,-0.235698389069922,-0.260219645770284,-0.277655263601703,-0.250796087369468,-0.278490398114218,-0.28689280363801,-0.336088743327083,-0.340135492794116
"q_11",0.0155748222752332,-0.0202900047611259,-0.0203886159314405,-0.0114587796436355,-0.0284126734516544,-0.0370702701609982,-0.0261760091679334,-0.0272019304200807,-0.0193162967596342,-0.00632318010200043,-0.00230288111054246,-0.00486460548618913,0.020363776472459,0.00827602772944097,0.0335085050384728,-0.0133957806778542
"q_11",-0.0134073323043088,0.00506678307543025,0.00414217498257929,0.00143830837093125,0.00265271231615559,-0.00735703652464864,-0.00526106496812135,0.00169841294344665,-1.46064938070859e-05,-0.00900524119262951,-0.0129167675850798,-0.0262942514236648,-0.0505715071838633,-0.00501474542288765,-0.00151165427693254,0.0762751134225403
"q_11",0.00243225134367421,-0.000591734502696845,-0.000508536587258905,-0.000448889775922262,-0.000661402714934175,0.000571552693864501,0.000261392733716096,-0.00123924648423013,-0.0010880237701796,0.000361210302048917,0.00182126440443047,0.00484508783142316,0.0117899331323678,0.00148742947783259,0.000507170905169062,-0.0191742857841399
"q_11",0.00690668035199998,0.0281279937636454,0.0267554592462101,0.0215584094922534,0.0538456113806333,0.0675678888643472,0.0551064155774982,0.0523246030453206,0.0541921350813011,0.050019122020245,0.0459003029764986,0.00297964194147927,-0.013631876648941,-0.0170139744981674,-0.0163594952167342,0.00491308810964892
"q_11",0.037499054473207,0.0220233522669995,0.0152298049384569,0.00556572360572833,0.00960076383980179,0.00713013631614437,0.0121449309786556,0.0258127529464552,0.020854395477606,0.0495458433710952,0.0409551955125122,0.0247064882810626,0.00480221914764925,-0.0232883633663258,-0.0220434965746568,-0.0124901355047139
"q_11",0.000534309002685429,-0.00109493959990081,-0.000511213079628863,0.00103306500913364,-0.00539730445400785,-0.00753420397726519,-0.00515055444414968,-0.0050708385947318,-0.00569849015323077,-0.00619147831030558,-0.00564499139820158,0.00414415639944354,0.00926950246561701,0.00815719024986852,0.00534280657309526,0.000736820034188774
"q_11",-0.00241884336749955,0.00111993296127466,0.00100245230672924,-0.000252029195252385,0.0023922787789761,0.00327803739727039,0.00183721718576572,0.00192789560124191,0.00122042588589851,-0.00026324520897479,-0.00088551409640406,-0.00221080350533056,-0.00776943270337099,-0.00409640844634088,-0.00661160699442066,0.0041592624199294
"q_11",-0.00555321104124944,0.0161443040100852,0.0225022037574857,0.0236679525751371,0.0337816670785202,0.0329051229531938,0.0442366622416308,0.0470658954420433,0.0550843659108114,0.0655970736464779,0.0646135151006239,0.0470887823669793,0.0498978995367126,0.032842131908477,0.0304663836799181,0.0526410927969259
"q_11",0.0286604465651841,0.0327939732761208,0.031492755411197,0.0324846075343933,0.0341931961952068,0.0280676531942831,0.0363612812520245,0.0344655837595227,0.0404766795368299,0.0248877241321996,0.0327642976963116,0.0428721453778163,0.0671476461177975,0.0932809539974832,0.0934916615245862,0.110178344398514
